"","TIV","TGMV","TWMV","TCV","LVV","HCV","AV","id","scanner","segmentation","SITE"
"1",1.34595,6.244243,4.088134,5.004782,10.367414,7.429954,2.594173,"ID_72","SKYRA","samseg","SKYRA_samseg"
"2",1.424676,6.586141,4.431617,5.396055,10.209276,7.580544,2.736267,"ID_34","SKYRA","samseg","SKYRA_samseg"
"3",1.477231,6.330336,4.044564,5.151712,11.457255,7.515745,3.216663,"ID_31","SKYRA","samseg","SKYRA_samseg"
"4",1.792503,7.731614,5.942626,6.392718,10.356453,8.805238,3.861528,"ID_44","SKYRA","samseg","SKYRA_samseg"
"5",1.380143,6.310861,4.161307,5.06462,10.128879,8.088162,2.996357,"ID_69","SKYRA","samseg","SKYRA_samseg"
"6",1.405123,6.47206,4.69444,5.246593,9.884496,7.884981,2.990173,"ID_22","VERIO","samseg","VERIO_samseg"
"7",1.54328,7.111225,5.078496,5.81007,10.28107,8.213271,3.223811,"ID_101","VERIO","samseg","VERIO_samseg"
"8",1.72971,7.529955,5.633336,5.96409,10.120509,8.495892,3.548326,"ID_115","VERIO","samseg","VERIO_samseg"
"9",1.714728,7.437788,5.339466,5.843298,10.962226,8.350468,3.424035,"ID_29","SKYRA","samseg","SKYRA_samseg"
"10",1.39958,5.992309,4.408968,4.735501,10.280613,7.528181,2.914111,"ID_64","VERIO","samseg","VERIO_samseg"
"11",1.747498,7.946095,5.218187,6.495828,11.57734,8.789148,3.763879,"ID_8","VERIO","samseg","VERIO_samseg"
"12",1.647319,7.131505,5.383719,5.641487,10.567905,9.023377,3.474089,"ID_84","VERIO","samseg","VERIO_samseg"
"13",1.498879,6.844246,5.018388,5.54887,9.940233,8.140267,3.198606,"ID_117","VERIO","samseg","VERIO_samseg"
"14",1.585951,7.201606,4.829941,5.701442,10.170326,8.273824,3.040319,"ID_61","VERIO","samseg","VERIO_samseg"
"15",1.57168,7.258478,5.066271,6.072567,10.662568,9.702201,3.502493,"ID_40","VERIO","samseg","VERIO_samseg"
"16",1.484292,6.81527,4.976492,5.511785,9.953852,8.107792,3.201726,"ID_117","SKYRA","samseg","SKYRA_samseg"
"17",1.451088,6.736954,4.667736,5.51024,9.991129,7.879155,3.036062,"ID_86","SKYRA","samseg","SKYRA_samseg"
"18",1.448372,6.515372,4.602896,5.250753,10.21628,8.693885,3.219621,"ID_21","VERIO","samseg","VERIO_samseg"
"19",1.557173,7.035603,4.418016,5.639685,10.107765,8.683681,3.279659,"ID_42","SKYRA","samseg","SKYRA_samseg"
"20",1.658255,7.460151,5.098884,6.083185,10.286009,8.501589,2.860658,"ID_1","VERIO","samseg","VERIO_samseg"
"21",1.724434,7.519388,5.665573,6.223985,10.826107,9.040694,3.619093,"ID_100","VERIO","samseg","VERIO_samseg"
"22",1.454006,6.52731,4.636255,5.276826,10.207262,8.718799,3.18294,"ID_21","SKYRA","samseg","SKYRA_samseg"
"23",1.338783,6.125547,4.13459,4.885337,10.179792,7.24045,2.916478,"ID_60","VERIO","samseg","VERIO_samseg"
"24",1.384211,6.406993,4.372545,5.191973,10.174887,7.823401,2.740752,"ID_15","SKYRA","samseg","SKYRA_samseg"
"25",1.518176,6.878528,4.92449,5.632015,10.144356,8.168476,3.433698,"ID_90","VERIO","samseg","VERIO_samseg"
"26",1.728382,7.397851,5.584293,5.842935,10.639557,9.200087,3.683246,"ID_104","SKYRA","samseg","SKYRA_samseg"
"27",1.681221,7.398435,5.620852,6.132433,10.84738,8.540465,3.611579,"ID_52","VERIO","samseg","VERIO_samseg"
"28",1.438699,6.361547,4.851603,5.281393,10.087509,7.609762,3.336732,"ID_110","VERIO","samseg","VERIO_samseg"
"29",1.310466,5.415883,3.966623,4.22883,11.064703,6.814121,2.857298,"ID_96","SKYRA","samseg","SKYRA_samseg"
"30",1.796748,8.054271,5.476591,6.513907,10.857785,7.737823,3.369812,"ID_51","SKYRA","samseg","SKYRA_samseg"
"31",1.661041,6.837438,5.13012,5.562627,10.612122,8.541472,3.42499,"ID_112","VERIO","samseg","VERIO_samseg"
"32",1.583067,7.085086,4.891925,5.669062,10.283358,8.124177,3.334147,"ID_93","VERIO","samseg","VERIO_samseg"
"33",1.467936,6.432418,4.658995,5.143145,10.590928,8.587375,3.197036,"ID_119","VERIO","samseg","VERIO_samseg"
"34",1.607033,7.433267,4.795278,6.086375,10.017647,7.560354,3.203701,"ID_66","SKYRA","samseg","SKYRA_samseg"
"35",1.610696,7.169559,4.888697,5.813401,10.640113,8.205979,3.201084,"ID_71","VERIO","samseg","VERIO_samseg"
"36",1.489773,6.743066,5.156332,5.38031,9.829589,8.118949,2.964602,"ID_97","VERIO","samseg","VERIO_samseg"
"37",1.682289,8.110502,5.092414,6.741883,10.030906,8.860092,3.211859,"ID_76","SKYRA","samseg","SKYRA_samseg"
"38",1.578939,7.245569,5.345746,5.963507,10.271163,7.751495,3.058206,"ID_68","SKYRA","samseg","SKYRA_samseg"
"39",1.311166,6.252458,4.242868,4.967871,9.67896,7.191929,2.666299,"ID_47","VERIO","samseg","VERIO_samseg"
"40",1.350609,6.310857,4.278123,5.10041,9.842398,7.044907,2.86754,"ID_57","SKYRA","samseg","SKYRA_samseg"
"41",1.44947,6.754266,4.496044,5.459603,9.939191,8.322389,2.909492,"ID_77","VERIO","samseg","VERIO_samseg"
"42",1.722557,7.677616,5.590015,6.235685,10.149339,8.592606,3.61196,"ID_87","VERIO","samseg","VERIO_samseg"
"43",1.717947,7.464331,5.284613,5.893355,10.997615,8.186282,3.395708,"ID_29","VERIO","samseg","VERIO_samseg"
"44",1.477772,6.748882,4.6076,5.397223,10.162842,8.498567,3.090373,"ID_5","SKYRA","samseg","SKYRA_samseg"
"45",1.578943,6.644884,5.187564,5.439442,10.37601,8.408456,3.158148,"ID_74","VERIO","samseg","VERIO_samseg"
"46",1.796364,7.921962,5.748686,6.36172,10.727392,8.355138,3.560804,"ID_58","SKYRA","samseg","SKYRA_samseg"
"47",1.864534,8.712737,5.879149,7.071907,10.656318,9.019405,3.722877,"ID_45","SKYRA","samseg","SKYRA_samseg"
"48",1.713193,7.314924,5.590965,5.905054,10.819422,8.938031,3.532282,"ID_43","VERIO","samseg","VERIO_samseg"
"49",1.354309,6.254046,4.063248,4.954988,10.802672,7.761745,2.777045,"ID_65","VERIO","samseg","VERIO_samseg"
"50",1.359139,6.178954,4.30067,5.134317,9.914975,7.123266,2.758454,"ID_82","SKYRA","samseg","SKYRA_samseg"
"51",1.431679,6.66848,4.724933,5.278898,9.949547,7.878843,3.065612,"ID_81","SKYRA","samseg","SKYRA_samseg"
"52",1.682316,8.076337,5.11397,6.69947,10.015841,8.853187,3.230071,"ID_76","VERIO","samseg","VERIO_samseg"
"53",1.47982,6.792833,4.875594,5.530225,10.00495,7.875028,3.064803,"ID_94","VERIO","samseg","VERIO_samseg"
"54",1.560325,6.549402,5.164973,5.321783,10.390579,8.406074,3.242756,"ID_74","SKYRA","samseg","SKYRA_samseg"
"55",1.641492,7.041863,5.36135,5.583157,10.666742,8.842225,3.429976,"ID_84","SKYRA","samseg","SKYRA_samseg"
"56",1.491412,6.935215,4.81227,5.546671,9.83514,8.05532,3.322338,"ID_19","VERIO","samseg","VERIO_samseg"
"57",1.381741,6.093119,4.906972,4.961492,10.111703,7.152678,3.052264,"ID_37","VERIO","samseg","VERIO_samseg"
"58",1.603377,6.359987,5.295756,5.101609,10.524104,7.918956,2.993838,"ID_106","SKYRA","samseg","SKYRA_samseg"
"59",1.497362,6.855642,4.968766,5.603599,10.020984,7.877304,3.094074,"ID_94","SKYRA","samseg","SKYRA_samseg"
"60",1.563766,7.018183,4.881937,5.765696,10.191065,8.522326,3.599024,"ID_33","VERIO","samseg","VERIO_samseg"
"61",1.224391,5.579438,3.808743,4.414068,10.063708,6.953716,2.483476,"ID_70","SKYRA","samseg","SKYRA_samseg"
"62",1.559815,7.083779,4.354468,5.698363,10.129487,8.685068,3.247677,"ID_42","VERIO","samseg","VERIO_samseg"
"63",1.364288,6.025916,4.200376,4.913151,10.222928,7.274821,2.89505,"ID_14","VERIO","samseg","VERIO_samseg"
"64",1.332766,6.270724,4.237478,5.009813,9.736599,7.201332,2.636287,"ID_47","SKYRA","samseg","SKYRA_samseg"
"65",1.487846,6.771407,4.510927,5.549117,10.208441,8.439013,3.194437,"ID_32","VERIO","samseg","VERIO_samseg"
"66",1.391209,5.989367,4.4633,4.743786,10.224838,7.538957,2.892613,"ID_64","SKYRA","samseg","SKYRA_samseg"
"67",1.610071,6.96934,5.203539,5.853184,9.953862,8.01248,3.376409,"ID_102","VERIO","samseg","VERIO_samseg"
"68",1.434725,6.242185,4.640028,5.014244,10.440997,7.73243,2.810739,"ID_27","VERIO","samseg","VERIO_samseg"
"69",1.265627,5.735727,3.808513,4.613079,9.952017,7.149404,2.72058,"ID_41","SKYRA","samseg","SKYRA_samseg"
"70",1.462194,6.468337,4.694018,5.352718,10.354702,8.188269,3.386503,"ID_118","SKYRA","samseg","SKYRA_samseg"
"71",1.620476,6.939007,5.180146,5.847609,9.965831,7.993926,3.347581,"ID_102","SKYRA","samseg","SKYRA_samseg"
"72",1.298522,5.958049,4.204415,4.797452,9.904702,7.078608,2.588996,"ID_80","VERIO","samseg","VERIO_samseg"
"73",1.54784,6.797494,5.049624,5.478845,9.905057,8.004165,3.207324,"ID_46","SKYRA","samseg","SKYRA_samseg"
"74",1.465283,6.481711,4.689412,5.357371,10.30057,8.185871,3.387888,"ID_118","VERIO","samseg","VERIO_samseg"
"75",1.560617,7.043895,4.769609,5.589119,10.232788,8.1116,3.019416,"ID_61","SKYRA","samseg","SKYRA_samseg"
"76",1.59,7.316934,4.765289,5.950768,10.032227,7.500125,3.230293,"ID_66","VERIO","samseg","VERIO_samseg"
"77",1.412291,6.417062,4.551083,5.153431,10.017109,8.087251,3.030343,"ID_48","VERIO","samseg","VERIO_samseg"
"78",1.389213,6.413113,4.346612,5.186758,10.148723,7.861747,2.784917,"ID_15","VERIO","samseg","VERIO_samseg"
"79",1.657976,7.704252,5.145178,6.22465,10.037323,8.922669,3.528392,"ID_11","SKYRA","samseg","SKYRA_samseg"
"80",1.89358,8.681617,5.852997,7.00754,10.514043,9.305984,4.013217,"ID_36","SKYRA","samseg","SKYRA_samseg"
"81",1.347943,5.960891,4.16857,4.872567,10.014238,7.413868,2.667007,"ID_12","VERIO","samseg","VERIO_samseg"
"82",1.524574,7.167134,4.789823,5.690254,10.029578,8.584615,3.322939,"ID_17","VERIO","samseg","VERIO_samseg"
"83",1.390321,6.452465,4.229767,5.347832,10.373316,7.878819,2.946511,"ID_79","VERIO","samseg","VERIO_samseg"
"84",1.509001,6.779745,4.697254,5.385204,10.108386,7.941065,3.103826,"ID_53","SKYRA","samseg","SKYRA_samseg"
"85",1.462878,6.490651,4.846782,5.243446,10.438097,7.999771,3.072941,"ID_95","VERIO","samseg","VERIO_samseg"
"86",1.649971,7.413217,5.484476,6.043472,10.346398,8.220839,3.450053,"ID_83","SKYRA","samseg","SKYRA_samseg"
"87",1.372286,6.104846,4.192361,5.002747,10.03958,6.895045,2.739968,"ID_121","SKYRA","samseg","SKYRA_samseg"
"88",1.425394,6.511563,4.527078,5.109725,10.002171,7.734046,2.84508,"ID_13","SKYRA","samseg","SKYRA_samseg"
"89",1.470362,6.879455,4.638649,5.57382,10.198853,7.757659,2.900459,"ID_67","SKYRA","samseg","SKYRA_samseg"
"90",1.54328,6.739971,4.726067,5.348831,10.356712,8.130346,3.038133,"ID_103","SKYRA","samseg","SKYRA_samseg"
"91",1.418755,6.531129,4.34682,5.262144,10.521271,7.655948,2.951161,"ID_108","VERIO","samseg","VERIO_samseg"
"92",1.541735,7.091662,4.986213,5.69804,10.11295,8.620126,3.17597,"ID_78","SKYRA","samseg","SKYRA_samseg"
"93",1.455935,6.504868,4.678166,5.089338,10.114732,7.34456,2.911838,"ID_92","SKYRA","samseg","SKYRA_samseg"
"94",1.384639,6.320067,4.186783,5.082621,10.493384,7.828201,2.980337,"ID_16","SKYRA","samseg","SKYRA_samseg"
"95",1.675362,7.615841,5.094252,6.099966,10.037648,8.335683,3.43106,"ID_28","VERIO","samseg","VERIO_samseg"
"96",1.596743,7.116339,4.92829,5.691507,10.300572,8.093228,3.302147,"ID_93","SKYRA","samseg","SKYRA_samseg"
"97",1.349739,6.245404,4.062404,4.944898,10.784406,7.682913,2.763923,"ID_65","SKYRA","samseg","SKYRA_samseg"
"98",1.429617,6.061491,4.126038,4.833993,10.637732,7.306108,3.270534,"ID_50","SKYRA","samseg","SKYRA_samseg"
"99",1.49575,6.812744,4.699809,5.405533,10.05286,8.061125,3.074079,"ID_53","VERIO","samseg","VERIO_samseg"
"100",1.636472,6.881027,5.501009,5.620805,10.687699,7.96525,3.513924,"ID_54","SKYRA","samseg","SKYRA_samseg"
"101",1.521882,6.991042,5.096312,5.692141,10.284601,8.168369,3.147404,"ID_101","SKYRA","samseg","SKYRA_samseg"
"102",1.62598,7.007236,5.239649,5.620738,10.15798,8.615951,3.51937,"ID_30","SKYRA","samseg","SKYRA_samseg"
"103",1.553822,7.018811,4.820402,5.604167,10.587358,9.032776,3.013415,"ID_6","VERIO","samseg","VERIO_samseg"
"104",1.475659,6.663985,4.460478,5.694737,10.11557,8.114249,3.078212,"ID_73","VERIO","samseg","VERIO_samseg"
"105",1.391835,6.170997,4.491838,5.001228,10.43703,7.708651,2.683743,"ID_55","VERIO","samseg","VERIO_samseg"
"106",1.463787,6.771716,4.598817,5.491492,9.917017,8.492002,3.057846,"ID_77","SKYRA","samseg","SKYRA_samseg"
"107",1.54746,6.753116,4.793169,5.373167,10.347528,8.091957,3.069136,"ID_103","VERIO","samseg","VERIO_samseg"
"108",1.504119,6.695172,4.790395,5.389102,9.949616,7.57866,2.920949,"ID_24","VERIO","samseg","VERIO_samseg"
"109",1.789778,7.936927,5.784261,6.389633,10.713436,8.259594,3.582303,"ID_58","VERIO","samseg","VERIO_samseg"
"110",1.531061,6.866389,4.797464,5.52681,10.091753,8.200386,3.154477,"ID_9","SKYRA","samseg","SKYRA_samseg"
"111",1.869379,8.682528,5.768627,7.034829,10.638076,8.942384,3.733206,"ID_45","VERIO","samseg","VERIO_samseg"
"112",1.356217,6.1544,4.241034,5.111657,9.907498,7.22277,2.804059,"ID_82","VERIO","samseg","VERIO_samseg"
"113",1.360448,6.30031,4.11838,5.084378,10.362526,7.477908,2.563055,"ID_72","VERIO","samseg","VERIO_samseg"
"114",1.593616,7.084368,5.170983,5.769677,9.906038,7.618253,3.463911,"ID_39","SKYRA","samseg","SKYRA_samseg"
"115",1.614595,6.431856,5.319721,5.182055,10.54293,7.949306,2.957817,"ID_106","VERIO","samseg","VERIO_samseg"
"116",1.567373,6.984721,4.96584,5.518577,10.228512,8.081535,3.114316,"ID_25","VERIO","samseg","VERIO_samseg"
"117",1.280498,5.824248,3.865162,4.714445,9.953912,7.141578,2.772287,"ID_41","VERIO","samseg","VERIO_samseg"
"118",1.425639,6.52656,4.391252,5.257535,10.516263,7.555364,2.934266,"ID_108","SKYRA","samseg","SKYRA_samseg"
"119",1.667126,7.727758,5.213447,6.26574,10.061048,8.622602,3.668036,"ID_109","VERIO","samseg","VERIO_samseg"
"120",1.789904,8.09173,5.717802,6.452941,10.49251,9.837155,3.522385,"ID_75","VERIO","samseg","VERIO_samseg"
"121",1.814011,8.175994,5.74376,6.551609,10.555554,9.941532,3.518363,"ID_75","SKYRA","samseg","SKYRA_samseg"
"122",1.295776,6.07559,4.15543,4.933802,9.854808,7.017054,2.653525,"ID_80","SKYRA","samseg","SKYRA_samseg"
"123",1.493986,6.588422,4.987639,5.359513,10.439803,8.099773,3.061118,"ID_95","SKYRA","samseg","SKYRA_samseg"
"124",1.499671,6.798101,5.19444,5.445324,9.850708,8.185141,3.008176,"ID_97","SKYRA","samseg","SKYRA_samseg"
"125",1.570376,7.241005,5.068929,6.06154,10.669289,9.674466,3.441231,"ID_40","SKYRA","samseg","SKYRA_samseg"
"126",1.596412,7.267778,5.214641,5.974718,10.381867,8.553265,3.151613,"ID_4","SKYRA","samseg","SKYRA_samseg"
"127",1.597876,7.23625,4.904628,5.794288,10.101646,8.497356,3.744251,"ID_3","VERIO","samseg","VERIO_samseg"
"128",1.574572,7.031113,5.115342,5.707603,9.895631,7.773048,3.467964,"ID_39","VERIO","samseg","VERIO_samseg"
"129",1.555171,6.920281,5.084173,5.590005,9.872121,7.981363,3.302362,"ID_46","VERIO","samseg","VERIO_samseg"
"130",1.707608,7.501946,5.675209,6.201094,10.801756,9.068701,3.614517,"ID_100","SKYRA","samseg","SKYRA_samseg"
"131",1.40714,6.147359,4.519391,4.995335,10.49281,7.635045,2.643824,"ID_55","SKYRA","samseg","SKYRA_samseg"
"132",1.628402,7.001184,5.287164,5.595431,10.151627,8.705706,3.517554,"ID_30","VERIO","samseg","VERIO_samseg"
"133",1.379485,6.190724,4.148966,5.100082,10.027604,6.837665,2.673547,"ID_121","VERIO","samseg","VERIO_samseg"
"134",1.470019,6.50163,4.364659,5.234786,10.869392,8.138851,3.051665,"ID_113","VERIO","samseg","VERIO_samseg"
"135",1.414255,6.424007,4.582683,4.980934,10.098863,7.258231,2.889706,"ID_92","VERIO","samseg","VERIO_samseg"
"136",1.612492,7.410582,4.805137,5.987467,10.091609,8.797455,3.865308,"ID_3","SKYRA","samseg","SKYRA_samseg"
"137",1.395214,6.510064,4.409835,5.209567,9.843559,7.321497,2.74145,"ID_38","VERIO","samseg","VERIO_samseg"
"138",1.603199,6.953632,5.498497,5.59971,10.137155,8.591817,3.53015,"ID_111","SKYRA","samseg","SKYRA_samseg"
"139",1.396118,6.465873,4.265812,5.361769,10.359833,7.928328,2.906873,"ID_79","SKYRA","samseg","SKYRA_samseg"
"140",1.576785,7.343293,4.766917,5.808596,10.322321,8.119424,2.718743,"ID_91","SKYRA","samseg","SKYRA_samseg"
"141",1.718918,7.754691,5.128946,6.222355,10.297322,8.615559,3.524967,"ID_2","SKYRA","samseg","SKYRA_samseg"
"142",1.437408,6.608303,4.637708,5.435224,10.212993,8.512304,2.977416,"ID_107","VERIO","samseg","VERIO_samseg"
"143",1.410943,6.521833,4.704663,5.30925,9.890436,7.975583,2.987553,"ID_22","SKYRA","samseg","SKYRA_samseg"
"144",1.569787,7.014944,4.857992,5.777435,10.254054,8.440915,3.577003,"ID_33","SKYRA","samseg","SKYRA_samseg"
"145",1.428879,6.527859,4.700897,5.295243,10.34047,7.68433,2.960487,"ID_56","SKYRA","samseg","SKYRA_samseg"
"146",1.484503,6.735801,4.538133,5.502463,10.195081,8.405562,3.213848,"ID_32","SKYRA","samseg","SKYRA_samseg"
"147",1.69107,7.593829,5.475401,6.158676,10.065758,8.861906,3.589716,"ID_20","VERIO","samseg","VERIO_samseg"
"148",1.474688,6.907437,4.664617,5.610945,10.202613,7.633977,2.920391,"ID_67","VERIO","samseg","VERIO_samseg"
"149",1.336429,5.937762,4.163378,4.856003,10.034417,7.332688,2.644128,"ID_12","SKYRA","samseg","SKYRA_samseg"
"150",1.647521,6.893369,5.505733,5.634715,10.710662,7.979596,3.441971,"ID_54","VERIO","samseg","VERIO_samseg"
"151",1.431476,6.331622,4.411052,5.163675,9.930321,8.798486,3.528117,"ID_63","SKYRA","samseg","SKYRA_samseg"
"152",1.656939,6.807117,5.075743,5.55036,10.610778,8.612086,3.519675,"ID_112","SKYRA","samseg","SKYRA_samseg"
"153",1.374527,6.12427,4.895478,5.000948,10.080083,7.115244,3.029616,"ID_37","SKYRA","samseg","SKYRA_samseg"
"154",1.528201,7.013248,4.903366,5.600254,10.130044,8.647257,3.171479,"ID_78","VERIO","samseg","VERIO_samseg"
"155",1.72085,7.791857,5.201582,6.2847,10.26937,8.485832,3.468703,"ID_2","VERIO","samseg","VERIO_samseg"
"156",1.445229,6.394917,4.424953,5.227264,9.919963,8.94425,3.595883,"ID_63","VERIO","samseg","VERIO_samseg"
"157",1.598791,7.12075,5.182552,5.81775,10.306191,8.468401,3.200012,"ID_18","VERIO","samseg","VERIO_samseg"
"158",1.302895,6.059082,4.354093,4.965018,9.802977,6.976597,2.724516,"ID_59","SKYRA","samseg","SKYRA_samseg"
"159",1.513318,6.829475,4.880457,5.508858,10.069195,8.224123,3.256136,"ID_114","SKYRA","samseg","SKYRA_samseg"
"160",1.751381,7.688772,5.162829,6.131486,10.884468,9.57184,3.31863,"ID_105","VERIO","samseg","VERIO_samseg"
"161",1.56734,7.169696,5.276524,5.875361,10.237531,7.745936,3.140444,"ID_68","VERIO","samseg","VERIO_samseg"
"162",1.641838,7.410329,5.089616,6.047667,10.270377,8.624874,2.914936,"ID_1","SKYRA","samseg","SKYRA_samseg"
"163",1.422488,6.310406,4.765619,5.198831,10.106192,7.72159,3.362042,"ID_110","SKYRA","samseg","SKYRA_samseg"
"164",1.50146,6.684467,4.837071,5.397593,9.947306,7.542962,2.883629,"ID_24","SKYRA","samseg","SKYRA_samseg"
"165",1.942501,8.766459,5.919112,7.350262,10.976006,9.316153,3.6171,"ID_35","SKYRA","samseg","SKYRA_samseg"
"166",1.338661,6.246018,4.222582,5.018607,9.841121,7.077447,2.856179,"ID_57","VERIO","samseg","VERIO_samseg"
"167",1.300972,5.426349,4.030935,4.248625,11.079287,6.83812,2.919467,"ID_96","VERIO","samseg","VERIO_samseg"
"168",1.761747,7.963516,5.22673,6.509886,11.5778,8.704232,3.672653,"ID_8","SKYRA","samseg","SKYRA_samseg"
"169",1.652493,7.131214,5.332249,5.870943,10.00755,9.284085,3.41177,"ID_85","VERIO","samseg","VERIO_samseg"
"170",1.464079,6.4779,4.376378,5.206985,10.84462,8.213168,3.099308,"ID_113","SKYRA","samseg","SKYRA_samseg"
"171",1.496297,6.643906,4.843036,5.312125,10.219694,7.059686,2.940143,"ID_62","VERIO","samseg","VERIO_samseg"
"172",1.663409,7.73468,5.243495,6.277563,10.02659,8.635659,3.658385,"ID_109","SKYRA","samseg","SKYRA_samseg"
"173",1.267734,5.793468,3.938935,4.633856,10.157049,7.607708,2.810324,"ID_7","SKYRA","samseg","SKYRA_samseg"
"174",1.50278,7.002769,4.902436,5.630685,9.861105,8.031298,3.251233,"ID_19","SKYRA","samseg","SKYRA_samseg"
"175",1.811886,7.88211,6.011347,6.566809,10.250394,8.820103,3.843261,"ID_44","VERIO","samseg","VERIO_samseg"
"176",1.481043,6.723279,4.989139,5.549022,9.900338,8.141757,2.979112,"ID_88","VERIO","samseg","VERIO_samseg"
"177",1.689558,7.614998,5.488,6.205223,10.052976,8.751088,3.601683,"ID_20","SKYRA","samseg","SKYRA_samseg"
"178",1.615686,6.959832,5.538671,5.617631,10.147096,8.455475,3.519848,"ID_111","VERIO","samseg","VERIO_samseg"
"179",1.589394,7.057644,5.068997,5.605246,10.252412,8.243626,3.256941,"ID_25","SKYRA","samseg","SKYRA_samseg"
"180",1.339781,6.126913,4.118882,4.904242,10.164281,7.074987,2.88029,"ID_60","SKYRA","samseg","SKYRA_samseg"
"181",1.383861,6.287464,4.167333,5.113688,10.188023,7.986414,3.029749,"ID_69","VERIO","samseg","VERIO_samseg"
"182",1.198216,5.44425,3.707852,4.291385,10.034845,6.886054,2.447703,"ID_70","VERIO","samseg","VERIO_samseg"
"183",1.686606,7.686159,5.059953,6.166953,10.043498,8.200044,3.348076,"ID_28","SKYRA","samseg","SKYRA_samseg"
"184",1.47378,6.400123,4.60299,5.121329,10.610594,8.556689,3.231536,"ID_119","SKYRA","samseg","SKYRA_samseg"
"185",1.76561,7.968454,5.389902,6.46566,10.365779,8.943001,3.893604,"ID_23","SKYRA","samseg","SKYRA_samseg"
"186",1.402173,6.469089,4.545865,5.192435,9.993144,8.195968,2.966824,"ID_48","SKYRA","samseg","SKYRA_samseg"
"187",1.656102,7.719137,5.174497,6.146471,9.972562,8.582549,3.33301,"ID_26","VERIO","samseg","VERIO_samseg"
"188",1.744846,7.455196,5.67371,5.873803,10.624351,9.246995,3.623913,"ID_104","VERIO","samseg","VERIO_samseg"
"189",1.702381,7.346553,5.566724,5.932742,10.799657,9.068271,3.560327,"ID_43","SKYRA","samseg","SKYRA_samseg"
"190",1.609434,7.133507,4.907443,5.794064,10.624309,8.30332,3.278914,"ID_71","SKYRA","samseg","SKYRA_samseg"
"191",1.372637,6.026515,4.198914,4.915928,10.249205,7.313189,2.859492,"ID_14","SKYRA","samseg","SKYRA_samseg"
"192",1.893156,8.55407,5.73877,7.105759,10.974764,9.338065,3.625794,"ID_35","VERIO","samseg","VERIO_samseg"
"193",1.362188,6.226515,4.515301,4.938209,9.935252,7.639683,3.253393,"ID_49","SKYRA","samseg","SKYRA_samseg"
"194",1.530908,6.809337,4.87259,5.468816,10.075937,8.217411,3.041136,"ID_9","VERIO","samseg","VERIO_samseg"
"195",1.659345,7.411323,5.542983,6.058654,10.356975,8.024208,3.317569,"ID_83","VERIO","samseg","VERIO_samseg"
"196",1.720872,7.528114,5.591677,5.951551,10.136537,8.461146,3.52575,"ID_115","SKYRA","samseg","SKYRA_samseg"
"197",1.51699,6.781659,4.960318,5.557566,10.180162,8.012827,3.344163,"ID_90","SKYRA","samseg","SKYRA_samseg"
"198",1.651603,7.147474,5.341638,5.878407,9.973931,9.337603,3.404837,"ID_85","SKYRA","samseg","SKYRA_samseg"
"199",1.746663,7.62099,5.154113,6.075365,10.884771,9.341278,3.313719,"ID_105","SKYRA","samseg","SKYRA_samseg"
"200",1.41907,6.468312,4.481253,5.065832,10.033519,7.767513,2.914756,"ID_13","VERIO","samseg","VERIO_samseg"
"201",1.271571,5.830265,3.876454,4.682524,10.14682,7.506283,2.805859,"ID_7","VERIO","samseg","VERIO_samseg"
"202",1.582748,7.371164,4.81136,5.83017,10.319445,8.023542,2.70129,"ID_91","VERIO","samseg","VERIO_samseg"
"203",1.526821,6.859193,4.922139,5.522834,10.069512,8.194177,3.286683,"ID_114","VERIO","samseg","VERIO_samseg"
"204",1.48639,6.654328,4.762118,5.310743,10.258791,7.132603,3.085072,"ID_62","SKYRA","samseg","SKYRA_samseg"
"205",1.678305,7.380292,4.758952,5.999843,10.690214,8.145643,3.1862,"ID_98","SKYRA","samseg","SKYRA_samseg"
"206",1.399457,6.500435,4.404013,5.201343,9.830938,7.435833,2.760859,"ID_38","SKYRA","samseg","SKYRA_samseg"
"207",1.648156,7.652975,5.169237,6.151812,9.992176,8.999381,3.592154,"ID_11","VERIO","samseg","VERIO_samseg"
"208",1.60471,7.252288,5.226478,5.960085,10.428742,8.547484,3.139154,"ID_4","VERIO","samseg","VERIO_samseg"
"209",1.661573,7.470901,4.979825,6.005211,10.141502,8.594953,3.515834,"ID_99","SKYRA","samseg","SKYRA_samseg"
"210",1.650305,7.412311,5.013254,5.930081,10.122712,8.643769,3.5975,"ID_99","VERIO","samseg","VERIO_samseg"
"211",1.318969,6.088743,4.420125,5.029542,9.809801,6.876648,2.755213,"ID_59","VERIO","samseg","VERIO_samseg"
"212",1.412611,6.552829,4.405374,5.353306,10.167849,7.52692,2.718793,"ID_34","VERIO","samseg","VERIO_samseg"
"213",1.473766,6.780722,4.982174,5.571312,9.872502,8.280386,3.026964,"ID_88","SKYRA","samseg","SKYRA_samseg"
"214",1.433546,6.263377,4.599282,5.014556,10.415929,7.773801,2.907611,"ID_27","SKYRA","samseg","SKYRA_samseg"
"215",1.589623,7.188003,4.975095,5.799176,10.156822,8.476518,3.41365,"ID_116","VERIO","samseg","VERIO_samseg"
"216",1.795021,8.044254,5.480156,6.519415,10.854611,7.646321,3.258266,"ID_51","VERIO","samseg","VERIO_samseg"
"217",1.491644,6.816466,4.606444,5.475386,10.147317,8.584891,3.191905,"ID_5","VERIO","samseg","VERIO_samseg"
"218",1.551523,7.221372,4.781903,5.798839,10.041203,8.758551,3.209586,"ID_10","SKYRA","samseg","SKYRA_samseg"
"219",1.359716,6.212816,4.513626,4.92437,9.918681,7.646134,3.268654,"ID_49","VERIO","samseg","VERIO_samseg"
"220",1.438898,6.506682,4.742021,5.279011,10.372161,7.675317,2.995795,"ID_56","VERIO","samseg","VERIO_samseg"
"221",1.361797,6.265151,4.134319,4.998855,10.452779,7.838183,3.020049,"ID_16","VERIO","samseg","VERIO_samseg"
"222",1.589962,7.233962,4.932419,5.841017,10.157782,8.270448,3.414317,"ID_116","SKYRA","samseg","SKYRA_samseg"
"223",1.778172,8.000162,5.429495,6.49521,10.383363,8.988289,3.86851,"ID_23","VERIO","samseg","VERIO_samseg"
"224",1.549712,7.191641,4.80284,5.785015,10.038068,8.669874,3.321742,"ID_10","VERIO","samseg","VERIO_samseg"
"225",1.430882,6.411425,4.395266,5.254852,10.231585,7.532547,2.921534,"ID_89","VERIO","samseg","VERIO_samseg"
"226",1.531714,7.233189,4.684985,5.876737,10.070539,8.775106,3.502914,"ID_120","VERIO","samseg","VERIO_samseg"
"227",1.66558,7.606965,5.377367,6.052129,10.064712,8.57284,3.344537,"ID_26","SKYRA","samseg","SKYRA_samseg"
"228",1.450967,6.283172,4.023672,5.084191,11.455968,7.490986,3.272329,"ID_31","VERIO","samseg","VERIO_samseg"
"229",1.698134,7.617663,5.521048,6.156848,10.144884,8.741073,3.629018,"ID_87","SKYRA","samseg","SKYRA_samseg"
"230",1.503624,7.10442,4.740992,5.618963,10.054302,8.824425,3.315295,"ID_17","SKYRA","samseg","SKYRA_samseg"
"231",1.446097,6.739865,4.6409,5.504316,9.986455,7.807984,3.073675,"ID_86","VERIO","samseg","VERIO_samseg"
"232",1.678293,7.455343,4.759126,6.031735,10.67171,8.088492,3.210291,"ID_98","VERIO","samseg","VERIO_samseg"
"233",1.438647,6.169431,4.191168,4.93082,10.622767,7.437603,3.421322,"ID_50","VERIO","samseg","VERIO_samseg"
"234",1.482119,6.648174,4.437915,5.653871,10.111255,8.277682,3.102087,"ID_73","SKYRA","samseg","SKYRA_samseg"
"235",1.431481,6.623346,4.640206,5.239131,9.967181,7.921353,3.039121,"ID_81","VERIO","samseg","VERIO_samseg"
"236",1.513896,7.19057,4.675247,5.834888,10.063933,8.708958,3.462367,"ID_120","SKYRA","samseg","SKYRA_samseg"
"237",1.909862,8.76483,5.867222,7.055304,10.48467,9.361298,4.032695,"ID_36","VERIO","samseg","VERIO_samseg"
"238",1.196413,5.786734,4.133739,4.73165,9.996154,7.699659,2.566477,"ID_12","SKYRA","recon6","SKYRA_recon6"
"239",1.192556,5.765655,4.095858,4.70547,9.984108,7.668706,2.641222,"ID_12","VERIO","recon6","VERIO_recon6"
"240",1.402132,5.808019,4.540541,4.595903,10.238884,7.419799,2.859376,"ID_64","SKYRA","recon6","SKYRA_recon6"
"241",1.400974,5.735809,4.482068,4.523614,10.295633,7.345446,2.870319,"ID_64","VERIO","recon6","VERIO_recon6"
"242",1.647272,7.591337,5.514877,6.145302,9.853931,9.377733,3.798632,"ID_20","SKYRA","recon6","SKYRA_recon6"
"243",1.648798,7.591398,5.55277,6.1564,9.849859,9.457203,3.760254,"ID_20","VERIO","recon6","VERIO_recon6"
"244",1.409593,6.301817,4.506438,5.102077,9.772106,9.117153,3.616937,"ID_63","SKYRA","recon6","SKYRA_recon6"
"245",1.408247,6.359402,4.463961,5.153262,9.765242,9.162173,3.70397,"ID_63","VERIO","recon6","VERIO_recon6"
"246",1.692015,7.57607,5.579033,6.131638,10.131972,8.582038,3.722602,"ID_87","SKYRA","recon6","SKYRA_recon6"
"247",1.694234,7.624592,5.620335,6.194157,10.128028,8.6243,3.778192,"ID_87","VERIO","recon6","VERIO_recon6"
"248",1.456238,6.409948,4.791684,5.306211,10.306789,8.201065,3.474932,"ID_118","SKYRA","recon6","SKYRA_recon6"
"249",1.455654,6.395341,4.750928,5.288053,10.264698,8.362838,3.287177,"ID_118","VERIO","recon6","VERIO_recon6"
"250",1.665364,7.53245,5.519242,5.964599,10.080959,8.761346,3.343132,"ID_115","SKYRA","recon6","SKYRA_recon6"
"251",1.667101,7.457473,5.549811,5.902945,10.084289,8.766107,3.344684,"ID_115","VERIO","recon6","VERIO_recon6"
"252",1.447903,6.473678,4.28909,5.371515,10.369264,8.075137,2.924354,"ID_79","SKYRA","recon6","SKYRA_recon6"
"253",1.446853,6.488769,4.264332,5.390053,10.393238,8.130132,2.867988,"ID_79","VERIO","recon6","VERIO_recon6"
"254",1.30121,5.848498,3.964532,4.723138,10.227452,7.025897,2.909355,"ID_7","SKYRA","recon6","SKYRA_recon6"
"255",1.298312,5.851323,3.863997,4.71865,10.217847,7.02083,3.06566,"ID_7","VERIO","recon6","VERIO_recon6"
"256",1.667218,7.341452,5.305298,5.74461,10.981507,8.093927,3.392694,"ID_29","SKYRA","recon6","SKYRA_recon6"
"257",1.669046,7.329233,5.28615,5.764666,11.014295,7.884515,3.184086,"ID_29","VERIO","recon6","VERIO_recon6"
"258",1.340418,6.314077,4.242551,5.156816,9.897444,7.046438,2.86263,"ID_80","SKYRA","recon6","SKYRA_recon6"
"259",1.338043,6.146883,4.296483,4.991395,9.967423,7.03499,2.851804,"ID_80","VERIO","recon6","VERIO_recon6"
"260",1.352629,6.740838,4.556758,5.377062,10.217846,8.546258,3.308994,"ID_5","SKYRA","recon6","SKYRA_recon6"
"261",1.350262,6.806033,4.580022,5.457419,10.214021,8.635334,3.244773,"ID_5","VERIO","recon6","VERIO_recon6"
"262",1.492154,6.723357,4.732301,5.324631,10.387991,8.133772,2.954093,"ID_103","SKYRA","recon6","SKYRA_recon6"
"263",1.491686,6.764317,4.753124,5.380879,10.394879,8.166092,3.012173,"ID_103","VERIO","recon6","VERIO_recon6"
"264",1.645439,7.152454,5.69272,5.770225,10.826469,8.74935,3.365826,"ID_43","SKYRA","recon6","SKYRA_recon6"
"265",1.647047,7.160667,5.653,5.801378,10.855786,8.709956,3.367819,"ID_43","VERIO","recon6","VERIO_recon6"
"266",1.587281,7.007033,4.925471,5.653791,10.668462,8.320005,3.284437,"ID_71","SKYRA","recon6","SKYRA_recon6"
"267",1.588181,7.055045,4.918116,5.711892,10.68806,8.300138,3.213851,"ID_71","VERIO","recon6","VERIO_recon6"
"268",1.300475,6.339447,4.354093,5.246558,9.850348,7.219828,2.994265,"ID_59","SKYRA","recon6","SKYRA_recon6"
"269",1.297612,6.344464,4.376843,5.264555,9.836023,7.173831,2.916663,"ID_59","VERIO","recon6","VERIO_recon6"
"270",1.491163,6.490311,4.704938,5.29233,9.757003,7.925898,3.013094,"ID_22","SKYRA","recon6","SKYRA_recon6"
"271",1.490802,6.378278,4.694901,5.179774,9.754112,7.818444,3.013847,"ID_22","VERIO","recon6","VERIO_recon6"
"272",1.534421,6.932298,4.671019,5.617973,10.270132,7.643017,2.899066,"ID_67","SKYRA","recon6","SKYRA_recon6"
"273",1.534627,6.959318,4.737994,5.65913,10.250632,7.626052,2.984846,"ID_67","VERIO","recon6","VERIO_recon6"
"274",1.601803,7.163306,4.941077,5.743989,10.354854,7.914662,3.232614,"ID_93","SKYRA","recon6","SKYRA_recon6"
"275",1.602893,7.137064,4.902559,5.714427,10.340332,7.942253,3.291671,"ID_93","VERIO","recon6","VERIO_recon6"
"276",1.411327,6.389044,4.133544,5.156254,10.529135,7.989594,3.10661,"ID_16","SKYRA","recon6","SKYRA_recon6"
"277",1.409882,6.406613,4.109146,5.144952,10.496443,8.022416,3.140357,"ID_16","VERIO","recon6","VERIO_recon6"
"278",1.635456,7.646967,5.03182,6.106466,9.558416,8.334402,3.325511,"ID_28","SKYRA","recon6","SKYRA_recon6"
"279",1.636573,7.601633,5.121237,6.067704,9.544521,8.400306,3.349791,"ID_28","VERIO","recon6","VERIO_recon6"
"280",1.368317,6.138389,4.237217,5.090597,9.868895,7.715549,2.758815,"ID_82","SKYRA","recon6","SKYRA_recon6"
"281",1.366156,6.123414,4.22842,5.074452,9.887129,7.657285,2.740415,"ID_82","VERIO","recon6","VERIO_recon6"
"282",1.54357,6.774134,5.069849,5.445689,9.786033,7.945159,3.259889,"ID_46","SKYRA","recon6","SKYRA_recon6"
"283",1.543897,6.916319,5.137732,5.552303,9.715441,8.25607,3.521131,"ID_46","VERIO","recon6","VERIO_recon6"
"284",1.493481,6.862002,4.365063,5.472324,10.099381,8.973162,3.526207,"ID_42","SKYRA","recon6","SKYRA_recon6"
"285",1.493114,6.901307,4.318189,5.518409,10.114388,8.928383,3.526184,"ID_42","VERIO","recon6","VERIO_recon6"
"286",1.445583,6.640816,4.460575,5.398222,10.201796,8.895793,3.300709,"ID_32","SKYRA","recon6","SKYRA_recon6"
"287",1.444434,6.690765,4.413403,5.446961,10.219501,8.946891,3.268245,"ID_32","VERIO","recon6","VERIO_recon6"
"288",1.457602,6.560035,4.540887,5.30919,10.250698,8.578867,3.075904,"ID_21","SKYRA","recon6","SKYRA_recon6"
"289",1.456764,6.490385,4.524253,5.227908,10.261495,8.589862,3.025808,"ID_21","VERIO","recon6","VERIO_recon6"
"290",1.458927,6.505026,4.42347,5.547349,10.158325,7.767052,3.302446,"ID_73","SKYRA","recon6","SKYRA_recon6"
"291",1.457933,6.505835,4.39151,5.561463,10.168705,7.682469,3.349921,"ID_73","VERIO","recon6","VERIO_recon6"
"292",1.599248,7.29103,5.035626,6.109588,10.67685,9.683292,3.353846,"ID_40","SKYRA","recon6","SKYRA_recon6"
"293",1.600269,7.375529,5.052009,6.188257,10.670752,9.853809,3.626095,"ID_40","VERIO","recon6","VERIO_recon6"
"294",1.431653,6.632697,4.627112,5.331057,9.930143,8.248642,2.885336,"ID_48","SKYRA","recon6","SKYRA_recon6"
"295",1.430322,6.47955,4.594892,5.192807,9.978313,8.078315,2.99942,"ID_48","VERIO","recon6","VERIO_recon6"
"296",1.55139,6.848254,4.926123,5.50242,10.021405,8.924013,3.332471,"ID_114","SKYRA","recon6","SKYRA_recon6"
"297",1.551774,6.89116,4.95701,5.535324,10.000135,8.916704,3.321485,"ID_114","VERIO","recon6","VERIO_recon6"
"298",1.747142,7.300522,5.51513,5.742608,10.665143,8.870323,3.391442,"ID_104","SKYRA","recon6","SKYRA_recon6"
"299",1.749978,7.323403,5.564507,5.754344,10.644774,8.897198,3.336244,"ID_104","VERIO","recon6","VERIO_recon6"
"300",1.493837,6.735922,4.592628,5.512712,9.943317,8.190613,3.122976,"ID_86","SKYRA","recon6","SKYRA_recon6"
"301",1.493474,6.805753,4.594422,5.56279,9.915438,8.075927,3.173448,"ID_86","VERIO","recon6","VERIO_recon6"
"302",1.842335,8.457692,5.947979,7.092957,10.994983,8.380691,3.301903,"ID_35","SKYRA","recon6","SKYRA_recon6"
"303",1.845922,8.464314,5.783197,7.06627,11.002259,8.490084,3.286027,"ID_35","VERIO","recon6","VERIO_recon6"
"304",1.424912,6.207941,5.068078,5.090195,10.146948,7.61777,2.984664,"ID_37","SKYRA","recon6","SKYRA_recon6"
"305",1.423645,6.211409,5.085121,5.086634,10.189794,7.551786,3.011717,"ID_37","VERIO","recon6","VERIO_recon6"
"306",1.44317,6.311409,4.290021,5.055224,10.869225,7.32228,2.784242,"ID_113","SKYRA","recon6","SKYRA_recon6"
"307",1.442134,6.417247,4.268464,5.17414,10.898451,7.375281,2.912566,"ID_113","VERIO","recon6","VERIO_recon6"
"308",1.389418,6.344338,4.380431,5.188234,10.308339,7.11288,2.872389,"ID_89","VERIO","recon6","VERIO_recon6"
"309",1.488263,6.703769,4.65956,5.412241,9.905267,7.797034,3.009931,"ID_77","SKYRA","recon6","SKYRA_recon6"
"310",1.487809,6.66513,4.595498,5.356676,9.916458,7.745231,3.151268,"ID_77","VERIO","recon6","VERIO_recon6"
"311",1.568576,7.421456,4.700898,5.854947,10.037532,8.539764,3.419214,"ID_17","SKYRA","recon6","SKYRA_recon6"
"312",1.568816,7.466926,4.722025,5.885312,10.01423,8.53394,3.472339,"ID_17","VERIO","recon6","VERIO_recon6"
"313",1.784158,7.458689,6.027291,6.145439,10.303084,8.610995,3.585069,"ID_44","SKYRA","recon6","SKYRA_recon6"
"314",1.786752,7.767004,6.028466,6.474269,10.152868,8.7852,3.526251,"ID_44","VERIO","recon6","VERIO_recon6"
"315",1.561609,6.980554,5.314905,5.742186,10.346276,8.254557,2.889764,"ID_18","VERIO","recon6","VERIO_recon6"
"316",1.4972,6.64833,4.793865,5.500769,10.299779,8.553641,2.78244,"ID_107","VERIO","recon6","VERIO_recon6"
"317",1.498069,6.92114,4.746297,5.492968,9.880245,8.109721,3.278972,"ID_81","SKYRA","recon6","SKYRA_recon6"
"318",1.496909,6.770048,4.664829,5.348513,9.927225,8.078874,3.268699,"ID_81","VERIO","recon6","VERIO_recon6"
"319",1.405854,6.350516,4.068052,5.089138,10.154676,8.501537,3.166352,"ID_69","SKYRA","recon6","SKYRA_recon6"
"320",1.404337,6.24155,4.07817,5.051952,10.225949,8.347775,3.22654,"ID_69","VERIO","recon6","VERIO_recon6"
"321",1.545598,7.396743,4.751047,5.902835,10.012323,9.173414,3.201278,"ID_10","SKYRA","recon6","SKYRA_recon6"
"322",1.545536,7.443186,4.811742,5.9621,9.997324,9.177599,3.282335,"ID_10","VERIO","recon6","VERIO_recon6"
"323",1.405536,6.426359,4.380684,5.129735,9.599931,7.36351,2.740652,"ID_47","SKYRA","recon6","SKYRA_recon6"
"324",1.403392,6.654886,4.414411,5.308781,9.482443,7.425491,2.717014,"ID_47","VERIO","recon6","VERIO_recon6"
"325",1.694946,8.005944,5.277161,6.487664,9.960288,9.042681,4.025518,"ID_109","SKYRA","recon6","SKYRA_recon6"
"326",1.696369,8.01624,5.282142,6.511242,10.000398,8.934096,3.995807,"ID_109","VERIO","recon6","VERIO_recon6"
"327",1.384261,6.245754,4.557377,4.957233,10.016147,7.924565,3.391328,"ID_49","SKYRA","recon6","SKYRA_recon6"
"328",1.381609,6.286659,4.584383,4.985992,9.989096,7.834116,3.464704,"ID_49","VERIO","recon6","VERIO_recon6"
"329",1.57031,7.350632,5.559526,5.975644,10.362918,8.044023,3.376903,"ID_83","SKYRA","recon6","SKYRA_recon6"
"330",1.570942,7.341471,5.578387,5.994645,10.373891,7.79612,3.236301,"ID_83","VERIO","recon6","VERIO_recon6"
"331",1.578766,6.991734,4.679442,5.542794,10.184223,8.108361,3.011056,"ID_61","SKYRA","recon6","SKYRA_recon6"
"332",1.579139,7.115622,4.772669,5.622642,10.104076,8.206865,3.084512,"ID_61","VERIO","recon6","VERIO_recon6"
"333",1.736973,7.402584,5.103262,5.905502,10.882297,8.359018,3.262964,"ID_105","SKYRA","recon6","SKYRA_recon6"
"334",1.739648,7.432535,5.122326,5.926828,10.894805,8.333374,3.173152,"ID_105","VERIO","recon6","VERIO_recon6"
"335",1.405822,6.614758,4.405283,5.274867,9.796113,7.293966,3.018456,"ID_38","SKYRA","recon6","SKYRA_recon6"
"336",1.404152,6.65273,4.448035,5.315968,9.81193,7.476626,2.925692,"ID_38","VERIO","recon6","VERIO_recon6"
"337",1.660023,7.37322,5.113063,6.023698,10.22897,8.473178,3.000433,"ID_1","SKYRA","recon6","SKYRA_recon6"
"338",1.661689,7.417059,5.119851,6.061284,10.227479,8.47442,2.972312,"ID_1","VERIO","recon6","VERIO_recon6"
"339",1.601507,7.428767,4.887836,5.979485,10.032548,8.776541,3.513367,"ID_116","SKYRA","recon6","SKYRA_recon6"
"340",1.602404,7.267291,4.922287,5.817638,10.035227,8.835481,3.408248,"ID_116","VERIO","recon6","VERIO_recon6"
"341",1.518608,7.048075,5.037673,5.823025,9.660663,8.536648,2.956946,"ID_88","SKYRA","recon6","SKYRA_recon6"
"342",1.518192,6.969981,5.066595,5.77051,9.671689,8.420241,3.031693,"ID_88","VERIO","recon6","VERIO_recon6"
"343",1.217286,5.839927,3.793031,4.695363,10.042427,7.576414,2.94428,"ID_41","SKYRA","recon6","SKYRA_recon6"
"344",1.213295,5.849167,3.823213,4.730481,10.034909,7.625996,3.027354,"ID_41","VERIO","recon6","VERIO_recon6"
"345",1.457599,6.697456,4.740778,5.434646,10.415804,7.599653,2.958149,"ID_56","SKYRA","recon6","SKYRA_recon6"
"346",1.456138,6.726924,4.750323,5.471744,10.446825,7.593465,3.023021,"ID_56","VERIO","recon6","VERIO_recon6"
"347",1.470267,6.599618,4.931064,5.30309,9.912489,7.514952,2.918747,"ID_24","SKYRA","recon6","SKYRA_recon6"
"348",1.469421,6.541534,4.828888,5.232804,9.916829,7.344806,2.969366,"ID_24","VERIO","recon6","VERIO_recon6"
"349",1.853588,8.670182,5.912084,6.968193,10.497838,8.764696,3.737689,"ID_36","SKYRA","recon6","SKYRA_recon6"
"350",1.857322,8.735077,5.901582,7.014518,10.46476,8.845393,3.684855,"ID_36","VERIO","recon6","VERIO_recon6"
"351",1.687012,7.94553,5.484063,6.326528,9.835496,8.768756,3.440918,"ID_26","SKYRA","recon6","SKYRA_recon6"
"352",1.688561,8.082893,5.321366,6.44377,9.678952,8.824218,3.451031,"ID_26","VERIO","recon6","VERIO_recon6"
"353",1.67816,7.168444,5.290914,5.924263,10.44189,8.596943,3.040539,"ID_4","SKYRA","recon6","SKYRA_recon6"
"354",1.680207,7.17248,5.271434,5.92745,10.485219,8.47612,2.977568,"ID_4","VERIO","recon6","VERIO_recon6"
"355",1.643096,6.863762,5.388789,5.610575,9.896861,8.957343,3.482924,"ID_85","SKYRA","recon6","SKYRA_recon6"
"356",1.644683,6.913326,5.389841,5.671486,9.907958,8.793562,3.460942,"ID_85","VERIO","recon6","VERIO_recon6"
"357",1.61031,7.060457,4.715562,5.680605,10.745495,7.86511,3.301061,"ID_98","SKYRA","recon6","SKYRA_recon6"
"358",1.611323,7.151941,4.710887,5.724371,10.727004,8.143844,3.210425,"ID_98","VERIO","recon6","VERIO_recon6"
"359",1.68199,6.981027,5.273668,5.500523,10.68945,8.995167,3.193082,"ID_84","SKYRA","recon6","SKYRA_recon6"
"360",1.683922,7.13387,5.353361,5.618486,10.595357,9.013091,3.281646,"ID_84","VERIO","recon6","VERIO_recon6"
"361",1.673343,7.216902,5.404224,5.732296,10.581356,8.835452,3.2335,"ID_52","VERIO","recon6","VERIO_recon6"
"362",1.512839,7.074552,4.993921,5.754401,9.926461,8.430633,3.119439,"ID_117","SKYRA","recon6","SKYRA_recon6"
"363",1.512552,7.029757,5.024902,5.728376,9.915507,8.421131,3.270828,"ID_117","VERIO","recon6","VERIO_recon6"
"364",1.799837,7.873149,5.719989,6.397596,10.742746,7.882332,3.534436,"ID_58","SKYRA","recon6","SKYRA_recon6"
"365",1.803406,7.830122,5.733919,6.347056,10.736073,7.959965,3.649915,"ID_58","VERIO","recon6","VERIO_recon6"
"366",1.491118,6.810156,4.692985,5.400684,10.136702,8.14779,3.25918,"ID_53","SKYRA","recon6","SKYRA_recon6"
"367",1.490711,6.805108,4.69766,5.370396,10.073968,8.326175,3.268847,"ID_53","VERIO","recon6","VERIO_recon6"
"368",1.391697,6.398461,4.033512,5.126872,10.463703,7.702748,2.670385,"ID_72","SKYRA","recon6","SKYRA_recon6"
"369",1.389994,6.477347,4.066936,5.213522,10.446769,7.615599,2.809258,"ID_72","VERIO","recon6","VERIO_recon6"
"370",1.552424,7.586713,4.774921,6.106403,9.92309,8.918445,4.019354,"ID_3","SKYRA","recon6","SKYRA_recon6"
"371",1.551783,7.439911,4.870568,5.949893,9.938041,8.773918,4.067513,"ID_3","VERIO","recon6","VERIO_recon6"
"372",1.206332,6.043155,4.008725,4.963147,10.065788,6.984576,2.558936,"ID_121","SKYRA","recon6","SKYRA_recon6"
"373",1.202073,6.134321,4.004672,5.057411,10.046976,6.874748,2.670319,"ID_121","VERIO","recon6","VERIO_recon6"
"374",1.396732,6.475193,4.281434,5.261352,9.844851,7.474947,2.954515,"ID_57","SKYRA","recon6","SKYRA_recon6"
"375",1.393739,6.440964,4.240106,5.211577,9.840121,7.474658,2.893109,"ID_57","VERIO","recon6","VERIO_recon6"
"376",1.627759,7.376607,5.470689,6.101966,10.315047,7.749403,3.023521,"ID_68","SKYRA","recon6","SKYRA_recon6"
"377",1.628531,7.30084,5.380112,6.013619,10.288385,7.771167,3.144661,"ID_68","VERIO","recon6","VERIO_recon6"
"378",1.575578,7.459703,4.634085,6.066436,10.070314,9.107344,3.640554,"ID_120","SKYRA","recon6","SKYRA_recon6"
"379",1.575665,7.514405,4.662346,6.112136,10.067068,9.193358,3.659309,"ID_120","VERIO","recon6","VERIO_recon6"
"380",1.60245,6.980561,5.154548,5.526202,10.301213,7.727426,3.37507,"ID_25","SKYRA","recon6","SKYRA_recon6"
"381",1.602301,6.964698,5.071331,5.485143,10.291167,7.849029,3.327285,"ID_25","VERIO","recon6","VERIO_recon6"
"382",1.763718,8.098639,5.178382,6.673491,11.498792,8.494679,3.740468,"ID_8","SKYRA","recon6","SKYRA_recon6"
"383",1.765685,8.105664,5.239152,6.704205,11.509055,8.562032,3.761386,"ID_8","VERIO","recon6","VERIO_recon6"
"384",1.525744,7.14855,4.929325,5.732215,9.668795,8.958305,3.401729,"ID_19","SKYRA","recon6","SKYRA_recon6"
"385",1.525649,7.123922,4.885703,5.706006,9.70049,8.702104,3.355412,"ID_19","VERIO","recon6","VERIO_recon6"
"386",1.459797,6.480718,4.654855,5.077518,10.106592,7.375396,2.932156,"ID_92","SKYRA","recon6","SKYRA_recon6"
"387",1.45911,6.369951,4.576505,4.945203,10.097168,7.39507,2.754767,"ID_92","VERIO","recon6","VERIO_recon6"
"388",1.481284,6.597641,4.426156,5.403818,10.251939,7.899329,2.786348,"ID_15","SKYRA","recon6","SKYRA_recon6"
"389",1.480756,6.555922,4.398766,5.35612,10.240315,7.840422,2.885169,"ID_15","VERIO","recon6","VERIO_recon6"
"390",1.576644,7.1315,5.082877,5.723756,10.155018,8.678693,3.270086,"ID_78","SKYRA","recon6","SKYRA_recon6"
"391",1.576515,7.057706,4.993965,5.639558,10.175261,8.715187,3.226062,"ID_78","VERIO","recon6","VERIO_recon6"
"392",1.580692,6.842763,4.921053,5.605353,10.208716,8.296211,3.602675,"ID_90","SKYRA","recon6","SKYRA_recon6"
"393",1.581506,6.891514,4.90353,5.645107,10.170842,8.279821,3.598133,"ID_90","VERIO","recon6","VERIO_recon6"
"394",1.777817,8.033126,5.458817,6.459494,10.881208,7.382793,3.477405,"ID_51","SKYRA","recon6","SKYRA_recon6"
"395",1.779824,7.939637,5.463021,6.383453,10.894143,7.294761,3.370392,"ID_51","VERIO","recon6","VERIO_recon6"
"396",1.715998,7.423301,5.689198,6.134027,10.815683,9.041527,3.759436,"ID_100","SKYRA","recon6","SKYRA_recon6"
"397",1.718377,7.372381,5.652079,6.084362,10.844566,9.092738,3.642291,"ID_100","VERIO","recon6","VERIO_recon6"
"398",1.555881,7.460753,4.907671,6.120531,10.044995,7.960312,3.255284,"ID_66","SKYRA","recon6","SKYRA_recon6"
"399",1.554836,7.433089,4.832261,6.069959,10.048785,7.850887,3.40814,"ID_66","VERIO","recon6","VERIO_recon6"
"400",1.612807,7.2782,5.025598,5.932131,10.298272,7.849652,3.50016,"ID_101","SKYRA","recon6","SKYRA_recon6"
"401",1.613627,7.319332,5.044939,5.975933,10.28635,7.735949,3.59116,"ID_101","VERIO","recon6","VERIO_recon6"
"402",1.443245,6.718139,4.300023,5.402108,10.556438,7.588512,2.896648,"ID_108","SKYRA","recon6","SKYRA_recon6"
"403",1.441595,6.660061,4.25566,5.34158,10.560068,7.70993,3.06675,"ID_108","VERIO","recon6","VERIO_recon6"
"404",1.572585,6.952396,5.190165,5.644566,9.623278,7.464256,3.380913,"ID_39","SKYRA","recon6","SKYRA_recon6"
"405",1.572632,6.8872,5.139047,5.58701,9.674457,7.573529,3.352665,"ID_39","VERIO","recon6","VERIO_recon6"
"406",1.552736,7.290845,5.030225,5.81232,10.108468,8.631693,3.500423,"ID_99","SKYRA","recon6","SKYRA_recon6"
"407",1.552099,7.451692,5.081412,5.977083,10.084259,8.807494,3.641685,"ID_99","VERIO","recon6","VERIO_recon6"
"408",1.746823,7.943681,5.384683,6.424,10.40588,8.548026,3.984712,"ID_23","SKYRA","recon6","SKYRA_recon6"
"409",1.748568,8.027995,5.411061,6.506713,10.420295,8.294477,3.918754,"ID_23","VERIO","recon6","VERIO_recon6"
"410",1.613638,7.369352,4.809973,5.801137,10.33739,7.545594,2.668807,"ID_91","SKYRA","recon6","SKYRA_recon6"
"411",1.614695,7.415595,4.835014,5.860419,10.345969,7.590515,2.704323,"ID_91","VERIO","recon6","VERIO_recon6"
"412",1.40742,6.36095,4.139109,5.073858,10.862707,7.865845,2.730586,"ID_65","SKYRA","recon6","SKYRA_recon6"
"413",1.404713,6.399249,4.12356,5.091182,10.881815,7.919423,2.720453,"ID_65","VERIO","recon6","VERIO_recon6"
"414",1.607362,6.852076,4.898147,5.501988,10.594852,7.819078,2.876457,"ID_6","VERIO","recon6","VERIO_recon6"
"415",1.397462,6.690845,4.535363,5.211684,10.036374,8.048335,2.97733,"ID_13","SKYRA","recon6","SKYRA_recon6"
"416",1.395212,6.64893,4.491814,5.174612,10.073442,8.011442,3.104841,"ID_13","VERIO","recon6","VERIO_recon6"
"417",1.248528,5.586331,3.80593,4.419624,10.149131,7.129338,2.433708,"ID_70","SKYRA","recon6","SKYRA_recon6"
"418",1.244947,5.417544,3.689057,4.261234,10.144464,7.065704,2.323247,"ID_70","VERIO","recon6","VERIO_recon6"
"419",1.616206,7.857335,5.244398,6.372235,9.902182,8.979146,3.757449,"ID_11","SKYRA","recon6","SKYRA_recon6"
"420",1.616238,7.843486,5.216055,6.345457,9.862644,9.099146,3.561564,"ID_11","VERIO","recon6","VERIO_recon6"
"421",1.495986,6.627323,4.454471,5.440095,10.263788,7.821951,2.875296,"ID_34","SKYRA","recon6","SKYRA_recon6"
"422",1.494605,6.625384,4.462548,5.443301,10.214895,7.823406,2.862031,"ID_34","VERIO","recon6","VERIO_recon6"
"423",1.500903,6.721312,4.846683,5.382335,10.069873,7.784457,3.11278,"ID_9","SKYRA","recon6","SKYRA_recon6"
"424",1.50067,6.720632,4.946009,5.370585,10.062774,7.965432,3.123122,"ID_9","VERIO","recon6","VERIO_recon6"
"425",1.681481,7.505383,5.134445,5.988067,10.235775,8.660093,3.424146,"ID_2","SKYRA","recon6","SKYRA_recon6"
"426",1.682728,7.684871,5.219234,6.192146,10.192695,8.549408,3.54116,"ID_2","VERIO","recon6","VERIO_recon6"
"427",1.541362,6.934472,4.933638,5.691676,9.978618,8.233491,3.152242,"ID_94","SKYRA","recon6","SKYRA_recon6"
"428",1.541,6.888007,4.884886,5.641162,9.954154,8.073442,3.195025,"ID_94","VERIO","recon6","VERIO_recon6"
"429",1.453729,7.109582,4.840693,5.892841,10.345714,8.639288,3.6974,"ID_33","SKYRA","recon6","SKYRA_recon6"
"430",1.453051,7.095833,4.812765,5.84571,10.281067,8.702716,3.777364,"ID_33","VERIO","recon6","VERIO_recon6"
"431",1.828097,8.113081,5.804388,6.476178,10.532206,9.713695,3.214655,"ID_75","SKYRA","recon6","SKYRA_recon6"
"432",1.83212,8.050694,5.730392,6.394708,10.482586,9.850089,3.281542,"ID_75","VERIO","recon6","VERIO_recon6"
"433",1.414483,6.365934,4.59488,5.089152,10.457957,7.692486,2.904194,"ID_27","SKYRA","recon6","SKYRA_recon6"
"434",1.413672,6.257875,4.554765,4.982549,10.483959,7.691405,2.827423,"ID_27","VERIO","recon6","VERIO_recon6"
"435",1.573464,6.837389,5.230054,5.472288,10.139959,8.7108,3.283669,"ID_30","SKYRA","recon6","SKYRA_recon6"
"436",1.574739,6.819243,5.273931,5.441531,10.111817,8.75781,3.473256,"ID_30","VERIO","recon6","VERIO_recon6"
"437",1.331426,5.289456,3.981446,4.139624,11.159448,6.480966,2.787826,"ID_96","SKYRA","recon6","SKYRA_recon6"
"438",1.32896,5.334183,4.019241,4.188336,11.17735,6.576768,2.758368,"ID_96","VERIO","recon6","VERIO_recon6"
"439",1.393091,5.899795,4.239564,4.803199,10.386811,7.212905,2.716246,"ID_14","SKYRA","recon6","SKYRA_recon6"
"440",1.391955,5.88298,4.216003,4.788998,10.364562,7.361133,2.800373,"ID_14","VERIO","recon6","VERIO_recon6"
"441",1.621981,6.567957,5.026108,5.348727,10.656196,8.007999,3.094357,"ID_112","SKYRA","recon6","SKYRA_recon6"
"442",1.623511,6.571037,5.021287,5.333698,10.660383,7.990285,3.128531,"ID_112","VERIO","recon6","VERIO_recon6"
"443",1.513776,6.745935,4.769982,5.396937,10.326188,7.019196,2.946834,"ID_62","SKYRA","recon6","SKYRA_recon6"
"444",1.514313,6.714293,4.855866,5.371995,10.284818,7.101054,2.742046,"ID_62","VERIO","recon6","VERIO_recon6"
"445",1.367783,5.91352,4.100259,4.735364,10.768322,7.109234,3.232674,"ID_50","SKYRA","recon6","SKYRA_recon6"
"446",1.365794,6.062726,4.14829,4.853147,10.75394,7.284049,3.298289,"ID_50","VERIO","recon6","VERIO_recon6"
"447",1.394949,6.048761,4.814041,5.029662,10.119342,7.639314,3.299467,"ID_110","SKYRA","recon6","SKYRA_recon6"
"448",1.393709,6.229362,4.827528,5.189564,10.098096,7.498384,3.34797,"ID_110","VERIO","recon6","VERIO_recon6"
"449",1.509103,6.067686,5.114688,4.86127,10.691759,7.347987,2.573568,"ID_106","SKYRA","recon6","SKYRA_recon6"
"450",1.508749,6.069467,5.120806,4.870596,10.702307,7.437111,2.572099,"ID_106","VERIO","recon6","VERIO_recon6"
"451",1.570689,6.741174,5.614102,5.352529,10.01456,8.51869,3.525408,"ID_111","SKYRA","recon6","SKYRA_recon6"
"452",1.571868,6.738965,5.660855,5.372277,10.049844,8.601415,3.326431,"ID_111","VERIO","recon6","VERIO_recon6"
"453",1.414701,6.057704,4.363255,4.952291,10.626857,7.528749,2.337976,"ID_55","SKYRA","recon6","SKYRA_recon6"
"454",1.41372,6.092764,4.399554,4.983341,10.581321,7.561338,2.385311,"ID_55","VERIO","recon6","VERIO_recon6"
"455",1.639644,6.605562,5.580518,5.415771,10.774991,7.334424,3.223876,"ID_54","SKYRA","recon6","SKYRA_recon6"
"456",1.641222,6.5947,5.590473,5.41723,10.796089,7.349101,3.08283,"ID_54","VERIO","recon6","VERIO_recon6"
"457",1.556006,6.397721,5.032869,5.214979,10.479829,8.218157,3.135434,"ID_74","SKYRA","recon6","SKYRA_recon6"
"458",1.556268,6.411187,5.071015,5.254059,10.4576,8.129129,2.957562,"ID_74","VERIO","recon6","VERIO_recon6"
"459",1.565731,6.767393,5.136168,5.681177,9.972361,8.330424,3.357512,"ID_102","SKYRA","recon6","SKYRA_recon6"
"460",1.56625,6.736916,5.203745,5.64173,9.949102,8.243848,3.408003,"ID_102","VERIO","recon6","VERIO_recon6"
"461",1.500971,6.588083,4.929294,5.333754,10.565803,8.20815,2.92874,"ID_95","SKYRA","recon6","SKYRA_recon6"
"462",1.500573,6.432833,4.825305,5.189132,10.574194,8.064553,3.093853,"ID_95","VERIO","recon6","VERIO_recon6"
"463",1.689021,8.300326,5.130194,6.864225,10.019577,9.415033,3.16569,"ID_76","SKYRA","recon6","SKYRA_recon6"
"464",1.690552,8.372114,5.101759,6.91571,10.00746,9.277057,3.079428,"ID_76","VERIO","recon6","VERIO_recon6"
"465",1.471599,6.317203,4.620591,5.02816,10.673764,8.518893,3.129953,"ID_119","SKYRA","recon6","SKYRA_recon6"
"466",1.470819,6.371714,4.664687,5.078727,10.653105,8.468823,3.079238,"ID_119","VERIO","recon6","VERIO_recon6"
"467",1.565116,6.916573,5.356945,5.589696,9.85226,8.248851,2.976275,"ID_97","SKYRA","recon6","SKYRA_recon6"
"468",1.565471,6.930456,5.33138,5.596189,9.813028,8.139029,2.952953,"ID_97","VERIO","recon6","VERIO_recon6"
"469",1.34431,6.248305,4.053293,4.994733,10.275711,7.403834,3.04035,"ID_60","SKYRA","recon6","SKYRA_recon6"
"470",1.341933,6.224804,4.058005,4.932554,10.283269,7.553889,3.06052,"ID_60","VERIO","recon6","VERIO_recon6"
"471",1.526005,6.203416,3.983894,5.096626,11.459912,7.047929,3.195796,"ID_31","SKYRA","recon6","SKYRA_recon6"
"472",1.525847,6.213133,3.956758,5.087779,11.473279,7.075199,3.392327,"ID_31","VERIO","recon6","VERIO_recon6"
"473",1.900726,8.938033,5.804964,7.295246,10.655233,9.01518,3.539392,"ID_45","SKYRA","recon6","SKYRA_recon6"
"474",1.904805,8.818704,5.73568,7.159446,10.650039,8.995666,3.462382,"ID_45","VERIO","recon6","VERIO_recon6"
"475",1.592317,7.048548,4.959476,5.718016,10.676926,8.398921,3.337369,"ID_71","VERIO","recon7","VERIO_recon7"
"476",1.512066,7.013016,5.035428,5.795765,9.693658,8.254297,3.101997,"ID_88","SKYRA","recon7","SKYRA_recon7"
"477",1.603414,7.089033,4.950072,5.661868,10.331387,8.100775,3.25767,"ID_93","VERIO","recon7","VERIO_recon7"
"478",1.415725,6.201275,4.763496,5.157271,10.131389,7.674602,3.262054,"ID_110","VERIO","recon7","VERIO_recon7"
"479",1.503512,6.621784,4.836759,5.271746,10.324508,7.122715,2.993964,"ID_62","SKYRA","recon7","SKYRA_recon7"
"480",1.693325,7.692346,5.545846,6.249163,10.149241,8.902955,3.658018,"ID_87","VERIO","recon7","VERIO_recon7"
"481",1.667551,7.274041,5.226251,5.687239,11.011955,8.145078,3.041551,"ID_29","VERIO","recon7","VERIO_recon7"
"482",1.498103,6.724951,4.530131,5.404187,9.914244,7.339255,3.066935,"ID_77","VERIO","recon7","VERIO_recon7"
"483",1.536068,7.48737,4.771322,6.007886,10.022588,8.915747,3.146509,"ID_10","SKYRA","recon7","SKYRA_recon7"
"484",1.421915,6.717565,4.355046,5.398826,9.400655,7.390972,2.647484,"ID_47","VERIO","recon7","VERIO_recon7"
"485",1.353986,6.158126,4.095474,4.886581,10.29076,7.444304,2.974902,"ID_60","VERIO","recon7","VERIO_recon7"
"486",1.409079,6.329922,4.180134,5.052261,10.849343,7.67076,3.055816,"ID_65","VERIO","recon7","VERIO_recon7"
"487",1.639707,7.254461,5.583923,5.875483,10.841952,8.699751,3.469492,"ID_43","VERIO","recon7","VERIO_recon7"
"488",1.63667,7.399527,5.099066,6.039947,10.248366,8.15985,3.058673,"ID_1","VERIO","recon7","VERIO_recon7"
"489",1.582921,7.276386,4.865162,5.837731,10.020825,8.634964,3.499022,"ID_116","SKYRA","recon7","SKYRA_recon7"
"490",1.572829,6.426787,5.002811,5.226092,10.456846,8.402712,2.95035,"ID_74","VERIO","recon7","VERIO_recon7"
"491",1.700091,7.84825,5.562537,6.234575,9.87811,8.472178,3.31132,"ID_26","SKYRA","recon7","SKYRA_recon7"
"492",1.388542,5.873757,4.268003,4.788131,10.366741,7.165209,2.708814,"ID_14","SKYRA","recon7","SKYRA_recon7"
"493",1.72072,7.484661,5.64425,6.201265,10.838199,9.119444,3.624698,"ID_100","VERIO","recon7","VERIO_recon7"
"494",1.680347,7.230218,5.698315,6.001839,10.861262,8.326999,3.692033,"ID_52","VERIO","recon7","VERIO_recon7"
"495",1.565594,6.840942,5.326374,5.523626,9.824655,8.13769,3.026526,"ID_97","VERIO","recon7","VERIO_recon7"
"496",1.589182,6.871528,4.960638,5.62451,10.162233,8.355445,3.448931,"ID_90","VERIO","recon7","VERIO_recon7"
"497",1.571103,7.349763,4.741591,5.810319,10.03894,8.466448,3.401007,"ID_17","SKYRA","recon7","SKYRA_recon7"
"498",1.471661,6.354887,4.57371,5.073374,10.683137,8.531066,3.237174,"ID_119","SKYRA","recon7","SKYRA_recon7"
"499",1.680923,7.603041,5.520853,6.144526,10.150031,8.634052,3.925137,"ID_87","SKYRA","recon7","SKYRA_recon7"
"500",1.626142,6.643348,5.029919,5.394695,10.648829,7.960291,3.203287,"ID_112","VERIO","recon7","VERIO_recon7"
"501",1.574005,7.466399,4.638474,6.079062,10.072501,9.366595,3.953394,"ID_120","SKYRA","recon7","SKYRA_recon7"
"502",1.484423,6.385808,4.682661,5.10368,10.657305,8.651669,3.047949,"ID_119","VERIO","recon7","VERIO_recon7"
"503",1.453843,6.522386,4.406309,5.551309,10.159716,7.935555,3.150142,"ID_73","SKYRA","recon7","SKYRA_recon7"
"504",1.630636,7.635436,5.092838,6.12186,9.651521,8.37538,3.252236,"ID_28","SKYRA","recon7","SKYRA_recon7"
"505",1.413757,5.775665,4.554937,4.541453,10.284927,7.419319,2.828391,"ID_64","VERIO","recon7","VERIO_recon7"
"506",1.647656,7.288434,5.695148,5.912796,10.824621,8.751418,3.378145,"ID_43","SKYRA","recon7","SKYRA_recon7"
"507",1.423516,6.58627,4.662245,5.281573,9.953762,8.346335,2.905773,"ID_48","SKYRA","recon7","SKYRA_recon7"
"508",1.74038,8.062794,5.35488,6.554867,10.417185,8.544902,3.897474,"ID_23","SKYRA","recon7","SKYRA_recon7"
"509",1.687355,7.275004,5.393337,5.748403,10.585429,9.031541,3.380657,"ID_84","VERIO","recon7","VERIO_recon7"
"510",1.762681,8.079699,5.174563,6.671309,11.511949,8.707803,3.855195,"ID_8","VERIO","recon7","VERIO_recon7"
"511",1.594292,7.129161,4.77635,5.629937,10.107389,8.217651,3.102114,"ID_61","VERIO","recon7","VERIO_recon7"
"512",1.526537,7.052534,5.029761,5.764327,9.893202,8.354195,3.234673,"ID_117","VERIO","recon7","VERIO_recon7"
"513",1.450867,6.537035,4.552827,5.236895,10.254577,8.556435,3.038232,"ID_21","VERIO","recon7","VERIO_recon7"
"514",1.603418,7.319889,5.044916,6.149802,10.687425,9.923685,3.577241,"ID_40","VERIO","recon7","VERIO_recon7"
"515",1.584513,7.106056,4.933469,5.75045,10.684961,8.457313,3.390304,"ID_71","SKYRA","recon7","SKYRA_recon7"
"516",1.365845,6.294779,4.571934,5.013951,10.002352,8.003053,3.256123,"ID_49","SKYRA","recon7","SKYRA_recon7"
"517",1.676353,7.450799,5.461544,5.868519,10.113471,8.938724,3.376998,"ID_115","SKYRA","recon7","SKYRA_recon7"
"518",1.48406,6.410313,4.670508,5.221876,9.781383,7.779225,3.100124,"ID_22","VERIO","recon7","VERIO_recon7"
"519",1.621123,7.3084,5.090681,6.016014,10.288439,7.657318,3.287197,"ID_101","VERIO","recon7","VERIO_recon7"
"520",1.740035,7.409007,5.195429,5.895156,10.890912,8.466674,3.264072,"ID_105","SKYRA","recon7","SKYRA_recon7"
"521",1.630606,6.741366,5.441596,5.46851,9.908244,9.17097,3.347334,"ID_85","SKYRA","recon7","SKYRA_recon7"
"522",1.40485,6.310006,4.562492,5.029465,10.435551,7.896677,3.038612,"ID_27","SKYRA","recon7","SKYRA_recon7"
"523",1.580793,6.797197,4.925421,5.558132,10.225475,8.309189,3.523289,"ID_90","SKYRA","recon7","SKYRA_recon7"
"524",1.403344,6.671547,4.417779,5.347751,9.772931,7.289111,2.932113,"ID_38","SKYRA","recon7","SKYRA_recon7"
"525",1.543814,7.249913,5.056268,5.766808,10.0755,8.830508,3.439928,"ID_99","SKYRA","recon7","SKYRA_recon7"
"526",1.667207,7.484736,5.540654,5.91222,10.097958,8.79629,3.572528,"ID_115","VERIO","recon7","VERIO_recon7"
"527",1.607914,7.073679,4.793841,5.704443,10.741105,7.873618,3.223598,"ID_98","SKYRA","recon7","SKYRA_recon7"
"528",1.421465,6.152078,5.08329,5.052786,10.123931,7.500405,3.046158,"ID_37","SKYRA","recon7","SKYRA_recon7"
"529",1.415026,6.326136,4.449475,5.131087,9.838475,9.018281,3.532227,"ID_63","SKYRA","recon7","SKYRA_recon7"
"530",1.794829,7.867075,5.604215,6.354197,10.720983,8.074394,3.600772,"ID_58","VERIO","recon7","VERIO_recon7"
"531",1.467558,6.485225,4.875558,5.17182,9.900037,7.524826,3.043059,"ID_24","VERIO","recon7","VERIO_recon7"
"532",1.49955,6.723737,4.689438,5.333308,10.366503,8.03244,2.94667,"ID_103","VERIO","recon7","VERIO_recon7"
"533",1.558493,6.678007,5.669352,5.282986,10.012889,8.678349,3.580488,"ID_111","SKYRA","recon7","SKYRA_recon7"
"534",1.544208,6.922609,4.933108,5.615907,10.004635,8.771201,3.264,"ID_114","SKYRA","recon7","SKYRA_recon7"
"535",1.284207,6.373762,4.31438,5.27945,9.815634,7.004409,2.922515,"ID_59","SKYRA","recon7","SKYRA_recon7"
"536",1.676162,7.273727,5.207099,5.954629,10.234517,8.258131,2.923894,"ID_1","SKYRA","recon7","SKYRA_recon7"
"537",1.459975,6.493416,4.936995,5.184402,9.884782,7.765964,2.828371,"ID_24","SKYRA","recon7","SKYRA_recon7"
"538",1.407586,6.488656,4.045637,5.245156,10.407803,7.541557,2.901427,"ID_72","VERIO","recon7","VERIO_recon7"
"539",1.376322,6.097081,4.223408,5.05022,9.902336,7.648577,2.744434,"ID_82","VERIO","recon7","VERIO_recon7"
"540",1.463836,7.001359,4.780352,5.757884,10.346702,8.865359,3.667963,"ID_33","SKYRA","recon7","SKYRA_recon7"
"541",1.426847,6.492462,4.282432,5.222841,10.885732,7.292742,2.741695,"ID_113","SKYRA","recon7","SKYRA_recon7"
"542",1.836767,7.963414,5.854731,6.349567,10.52708,9.928758,3.196948,"ID_75","SKYRA","recon7","SKYRA_recon7"
"543",1.516261,6.56189,4.964682,5.312915,10.535918,8.11807,2.934359,"ID_95","SKYRA","recon7","SKYRA_recon7"
"544",1.566069,6.949522,5.338845,5.631094,9.865984,8.306937,2.92497,"ID_97","SKYRA","recon7","SKYRA_recon7"
"545",1.763382,8.034496,5.17058,6.599405,11.532053,8.7341,3.82084,"ID_8","SKYRA","recon7","SKYRA_recon7"
"546",1.850349,8.650411,5.943091,7.310492,10.997935,8.545962,3.198343,"ID_35","SKYRA","recon7","SKYRA_recon7"
"547",1.416722,6.068162,4.388528,4.941626,10.592034,7.57188,2.470737,"ID_55","SKYRA","recon7","SKYRA_recon7"
"548",1.564945,7.128028,4.996551,5.69916,9.711824,8.516653,3.359928,"ID_19","SKYRA","recon7","SKYRA_recon7"
"549",1.298191,5.837582,3.962826,4.704371,10.216147,7.060055,2.92938,"ID_7","SKYRA","recon7","SKYRA_recon7"
"550",1.689958,8.075732,5.357762,6.585661,9.979464,9.048753,3.922518,"ID_109","SKYRA","recon7","SKYRA_recon7"
"551",1.356848,6.654631,4.27929,5.362308,10.559435,7.61206,3.053484,"ID_108","VERIO","recon7","VERIO_recon7"
"552",1.884911,8.877319,5.725076,7.228812,10.656483,9.055483,3.49094,"ID_45","VERIO","recon7","VERIO_recon7"
"553",1.498364,6.841047,4.700627,5.403494,10.092941,8.375732,3.211293,"ID_53","VERIO","recon7","VERIO_recon7"
"554",1.618422,6.917715,5.191237,5.426872,10.284681,7.984184,3.303124,"ID_25","SKYRA","recon7","SKYRA_recon7"
"555",1.646861,7.469356,5.107852,5.949248,9.599998,8.501147,3.314028,"ID_28","VERIO","recon7","VERIO_recon7"
"556",1.661326,7.446838,5.618277,6.008841,9.841975,9.236098,3.699456,"ID_20","SKYRA","recon7","SKYRA_recon7"
"557",1.477169,6.502379,4.398289,5.549359,10.150441,7.741919,3.204135,"ID_73","VERIO","recon7","VERIO_recon7"
"558",1.418538,6.164404,4.379144,5.034195,10.54935,7.590219,2.438403,"ID_55","VERIO","recon7","VERIO_recon7"
"559",1.616212,6.894429,4.797641,5.50853,10.606361,7.558788,3.012568,"ID_6","VERIO","recon7","VERIO_recon7"
"560",1.352013,6.122406,4.336955,4.97228,9.975721,7.056475,2.742117,"ID_80","VERIO","recon7","VERIO_recon7"
"561",1.425523,7.043583,4.812304,5.815549,10.297636,8.756458,3.761714,"ID_33","VERIO","recon7","VERIO_recon7"
"562",1.431722,6.800595,4.181063,5.495862,10.573963,7.597927,2.816549,"ID_108","SKYRA","recon7","SKYRA_recon7"
"563",1.402787,5.918558,4.254102,4.807074,10.345312,7.316099,2.796373,"ID_14","VERIO","recon7","VERIO_recon7"
"564",1.349821,6.201893,4.020203,4.971088,10.277451,7.23053,3.015241,"ID_60","SKYRA","recon7","SKYRA_recon7"
"565",1.452791,6.593587,4.505194,5.381493,10.227743,8.696085,3.354228,"ID_32","VERIO","recon7","VERIO_recon7"
"566",1.48699,6.568822,4.414912,5.373571,10.207375,7.985162,2.874684,"ID_15","VERIO","recon7","VERIO_recon7"
"567",1.548445,7.360422,4.885514,6.00562,10.02553,7.937431,3.419158,"ID_66","VERIO","recon7","VERIO_recon7"
"568",1.444176,6.478918,4.611197,5.187466,10.004041,8.37739,3.009481,"ID_48","VERIO","recon7","VERIO_recon7"
"569",1.459556,6.346533,4.764433,5.235566,10.262377,8.101162,3.386353,"ID_118","VERIO","recon7","VERIO_recon7"
"570",1.673583,7.097749,5.31793,5.840943,10.421397,8.713865,3.100269,"ID_4","SKYRA","recon7","SKYRA_recon7"
"571",1.455686,6.451007,4.221395,5.340309,10.361446,8.154496,2.965735,"ID_79","VERIO","recon7","VERIO_recon7"
"572",1.689445,8.245674,5.069323,6.78884,10.016987,8.840244,3.054515,"ID_76","VERIO","recon7","VERIO_recon7"
"573",1.340752,6.293729,4.187226,5.140245,9.911223,7.117549,2.77,"ID_80","SKYRA","recon7","SKYRA_recon7"
"574",1.582864,7.374346,4.964818,6.199791,10.698423,9.613458,3.364166,"ID_40","SKYRA","recon7","SKYRA_recon7"
"575",1.464632,7.42722,4.757804,5.874222,10.033782,8.45339,3.553921,"ID_17","VERIO","recon7","VERIO_recon7"
"576",1.216914,5.773678,4.120379,4.716207,10.014073,7.279093,2.746043,"ID_12","VERIO","recon7","VERIO_recon7"
"577",1.460373,7.624609,4.801199,6.150274,9.964274,9.001028,3.893125,"ID_3","SKYRA","recon7","SKYRA_recon7"
"578",1.69832,7.506796,5.652881,6.195735,10.823141,9.030692,3.752477,"ID_100","SKYRA","recon7","SKYRA_recon7"
"579",1.486428,6.600472,4.586379,5.402585,9.786146,7.712973,2.940687,"ID_22","SKYRA","recon7","SKYRA_recon7"
"580",1.68272,7.590519,5.141621,6.061599,10.249335,8.689035,3.535493,"ID_2","SKYRA","recon7","SKYRA_recon7"
"581",1.611783,7.336844,4.807505,5.763893,10.349023,7.668994,2.782792,"ID_91","SKYRA","recon7","SKYRA_recon7"
"582",1.495498,6.411896,4.869211,5.156274,10.530139,8.036929,3.030137,"ID_95","VERIO","recon7","VERIO_recon7"
"583",1.442626,6.415089,4.318776,5.301317,10.337981,8.129266,3.03141,"ID_79","SKYRA","recon7","SKYRA_recon7"
"584",1.515902,6.826735,4.888676,5.59687,9.951622,8.155459,3.155867,"ID_94","VERIO","recon7","VERIO_recon7"
"585",1.451925,6.006837,4.817417,4.973069,10.130535,7.505159,3.330231,"ID_110","SKYRA","recon7","SKYRA_recon7"
"586",1.432649,6.12227,5.115407,5.002006,10.170571,7.643159,3.111841,"ID_37","VERIO","recon7","VERIO_recon7"
"587",1.613932,6.658766,5.008092,5.409725,10.651472,8.016476,3.32444,"ID_112","SKYRA","recon7","SKYRA_recon7"
"588",1.504751,7.119778,4.90653,5.674676,9.788021,8.493957,3.35876,"ID_19","VERIO","recon7","VERIO_recon7"
"589",1.445979,6.653065,4.46413,5.413017,10.21083,8.911513,3.295001,"ID_32","SKYRA","recon7","SKYRA_recon7"
"590",1.4465,6.5859,4.804919,5.367778,10.408506,7.721798,2.970184,"ID_56","SKYRA","recon7","SKYRA_recon7"
"591",1.57899,6.733925,5.174854,5.615128,9.956287,8.241165,3.480821,"ID_102","VERIO","recon7","VERIO_recon7"
"592",1.241663,5.77994,4.1027,4.712218,10.044682,7.61582,2.757438,"ID_12","SKYRA","recon7","SKYRA_recon7"
"593",1.41339,6.337369,4.515736,5.077784,10.471709,7.834841,2.851917,"ID_27","VERIO","recon7","VERIO_recon7"
"594",1.487972,6.814796,4.306145,5.444245,10.113315,8.7858,3.291893,"ID_42","VERIO","recon7","VERIO_recon7"
"595",1.48842,6.770997,4.640757,5.338302,10.384271,8.001678,2.995158,"ID_103","SKYRA","recon7","SKYRA_recon7"
"596",1.527741,7.051828,4.612358,5.746139,10.261531,7.69922,2.810547,"ID_67","SKYRA","recon7","SKYRA_recon7"
"597",1.400144,6.618845,4.553758,5.193341,10.019468,7.854311,2.894193,"ID_13","SKYRA","recon7","SKYRA_recon7"
"598",1.653146,6.913912,5.342405,5.637923,9.923027,8.943105,3.569279,"ID_85","VERIO","recon7","VERIO_recon7"
"599",1.396609,6.45636,4.227618,5.198644,9.862912,7.513512,2.972069,"ID_57","VERIO","recon7","VERIO_recon7"
"600",1.491113,6.909253,5.049281,5.710435,9.722561,8.461096,3.001055,"ID_88","VERIO","recon7","VERIO_recon7"
"601",1.782879,7.779426,6.042444,6.465338,10.171222,8.957479,3.858575,"ID_44","VERIO","recon7","VERIO_recon7"
"602",1.420641,6.411008,4.157129,5.165737,10.533629,8.051738,3.097645,"ID_16","SKYRA","recon7","SKYRA_recon7"
"603",1.472447,6.484801,4.663308,5.065836,10.128675,7.406752,2.999735,"ID_92","SKYRA","recon7","SKYRA_recon7"
"604",1.576299,7.185729,5.083185,5.758485,10.144617,8.668499,3.344872,"ID_78","SKYRA","recon7","SKYRA_recon7"
"605",1.604621,7.144465,5.082164,5.858678,10.29927,7.78028,3.489481,"ID_101","SKYRA","recon7","SKYRA_recon7"
"606",1.394355,6.303775,4.169903,5.027505,10.824558,7.916627,3.12012,"ID_65","SKYRA","recon7","SKYRA_recon7"
"607",1.607109,7.168667,4.927357,5.753641,10.349879,7.993796,3.079362,"ID_93","SKYRA","recon7","SKYRA_recon7"
"608",1.561838,6.866698,5.034634,5.752719,9.974606,8.125073,3.352411,"ID_102","SKYRA","recon7","SKYRA_recon7"
"609",1.647385,6.5506,5.590346,5.357136,10.780687,7.617146,3.314911,"ID_54","VERIO","recon7","VERIO_recon7"
"610",1.414154,6.302462,4.095794,5.113676,10.217935,8.431335,3.182097,"ID_69","VERIO","recon7","VERIO_recon7"
"611",1.574799,7.12126,5.023102,5.688788,10.154222,8.714034,3.274641,"ID_78","VERIO","recon7","VERIO_recon7"
"612",1.49553,6.779936,4.618956,5.475446,9.904234,7.490035,2.859328,"ID_77","SKYRA","recon7","SKYRA_recon7"
"613",1.53216,6.158885,5.09488,4.900833,10.66079,7.385786,2.642995,"ID_106","SKYRA","recon7","SKYRA_recon7"
"614",1.5829,7.035258,5.312021,5.800489,10.343502,8.113901,2.874649,"ID_18","VERIO","recon7","VERIO_recon7"
"615",1.69255,7.633816,5.162017,6.158536,10.22016,8.465451,3.778699,"ID_2","VERIO","recon7","VERIO_recon7"
"616",1.580274,6.717614,5.629486,5.33916,10.064447,8.429052,3.469149,"ID_111","VERIO","recon7","VERIO_recon7"
"617",1.419525,6.381512,4.420863,5.1745,9.829469,9.283586,3.651705,"ID_63","VERIO","recon7","VERIO_recon7"
"618",1.738311,7.487138,5.162491,5.954422,10.887313,8.507246,3.091828,"ID_105","VERIO","recon7","VERIO_recon7"
"619",1.490999,6.685648,4.843811,5.318552,10.081645,8.067301,2.988962,"ID_9","SKYRA","recon7","SKYRA_recon7"
"620",1.343385,5.402832,4.005636,4.236748,11.150876,6.618156,2.720828,"ID_96","VERIO","recon7","VERIO_recon7"
"621",1.570818,7.084335,5.149713,5.695671,9.656632,7.577204,3.417874,"ID_39","SKYRA","recon7","SKYRA_recon7"
"622",1.614233,7.209988,5.385436,5.930135,10.256326,7.754665,2.991084,"ID_68","VERIO","recon7","VERIO_recon7"
"623",1.547209,6.406541,4.957781,5.193176,10.468493,8.362536,3.301497,"ID_74","SKYRA","recon7","SKYRA_recon7"
"624",1.516408,6.664089,4.860544,5.330678,10.285221,7.091873,2.798859,"ID_62","VERIO","recon7","VERIO_recon7"
"625",1.512204,6.616441,4.79141,5.465258,10.290359,8.466722,2.789566,"ID_107","VERIO","recon7","VERIO_recon7"
"626",1.567482,6.8071,5.300239,5.462464,10.087451,8.609794,3.486601,"ID_30","VERIO","recon7","VERIO_recon7"
"627",1.50465,6.922706,4.773505,5.506912,9.880667,8.157496,3.253095,"ID_81","SKYRA","recon7","SKYRA_recon7"
"628",1.353026,6.136812,4.280634,5.106867,9.881669,7.441046,2.66495,"ID_82","SKYRA","recon7","SKYRA_recon7"
"629",1.555825,6.870447,4.940507,5.655418,9.976574,8.266997,3.046268,"ID_94","SKYRA","recon7","SKYRA_recon7"
"630",1.683254,7.156097,5.407344,5.678707,10.68389,8.888236,3.100032,"ID_84","SKYRA","recon7","SKYRA_recon7"
"631",1.814757,7.993984,5.736106,6.367751,10.459951,9.611078,3.134613,"ID_75","VERIO","recon7","VERIO_recon7"
"632",1.546287,6.947139,4.751806,5.653465,10.22802,7.720338,2.928192,"ID_67","VERIO","recon7","VERIO_recon7"
"633",1.521755,6.166487,5.199998,4.922933,10.66017,7.514836,2.698983,"ID_106","VERIO","recon7","VERIO_recon7"
"634",1.256242,5.570431,3.83983,4.409135,10.138384,7.031963,2.393438,"ID_70","SKYRA","recon7","SKYRA_recon7"
"635",1.653997,7.59064,5.521532,6.141164,9.849994,9.178325,3.784486,"ID_20","VERIO","recon7","VERIO_recon7"
"636",1.538979,6.746674,5.066561,5.445028,9.774328,7.914158,3.135255,"ID_46","SKYRA","recon7","SKYRA_recon7"
"637",1.456659,6.37769,4.761881,5.240705,10.331033,8.394092,3.372525,"ID_118","SKYRA","recon7","SKYRA_recon7"
"638",1.226822,5.835846,3.797803,4.733054,10.016223,7.689964,2.83682,"ID_41","VERIO","recon7","VERIO_recon7"
"639",1.28867,5.748309,3.789169,4.642869,10.030056,7.543337,2.823598,"ID_41","SKYRA","recon7","SKYRA_recon7"
"640",1.609398,6.913187,5.12286,5.412419,10.283197,7.866543,3.149637,"ID_25","VERIO","recon7","VERIO_recon7"
"641",1.349342,5.99157,4.021091,4.78252,10.766549,7.364643,3.204417,"ID_50","SKYRA","recon7","SKYRA_recon7"
"642",1.639862,6.647626,5.559062,5.429807,10.756624,7.662379,3.365945,"ID_54","SKYRA","recon7","SKYRA_recon7"
"643",1.40587,5.857696,4.598447,4.648678,10.245228,7.475966,2.938148,"ID_64","SKYRA","recon7","SKYRA_recon7"
"644",1.398905,6.387854,4.403847,5.12637,9.582576,7.033771,2.647128,"ID_47","SKYRA","recon7","SKYRA_recon7"
"645",1.561527,6.832723,5.277381,5.494588,10.106894,8.533316,3.276224,"ID_30","SKYRA","recon7","SKYRA_recon7"
"646",1.577013,7.046934,4.734268,5.611751,10.171403,8.016777,3.034357,"ID_61","SKYRA","recon7","SKYRA_recon7"
"647",1.695934,8.005291,5.22577,6.506679,10.013578,9.016842,3.802088,"ID_109","VERIO","recon7","VERIO_recon7"
"648",1.838871,8.614142,5.952842,6.854402,10.523889,8.876129,3.764058,"ID_36","SKYRA","recon7","SKYRA_recon7"
"649",1.632321,7.785079,5.15923,6.290502,9.888121,9.197617,3.795785,"ID_11","SKYRA","recon7","SKYRA_recon7"
"650",1.416172,6.610112,4.473687,5.303849,9.784697,7.306669,2.973382,"ID_38","VERIO","recon7","VERIO_recon7"
"651",1.561463,7.217344,5.586169,5.843738,10.376864,8.30406,3.376794,"ID_83","SKYRA","recon7","SKYRA_recon7"
"652",1.222962,6.024774,3.990988,4.924322,10.05434,6.858391,2.498918,"ID_121","SKYRA","recon7","SKYRA_recon7"
"653",1.496676,6.803323,4.658334,5.383936,10.128714,8.22563,3.2707,"ID_53","SKYRA","recon7","SKYRA_recon7"
"654",1.052695,5.979483,3.928371,4.913508,10.0388,6.784781,2.455542,"ID_121","VERIO","recon7","VERIO_recon7"
"655",1.463405,6.461102,4.532715,5.001853,10.12242,7.462171,2.804225,"ID_92","VERIO","recon7","VERIO_recon7"
"656",1.445375,6.567101,4.234253,5.274579,10.901977,7.313574,2.886758,"ID_113","VERIO","recon7","VERIO_recon7"
"657",1.571349,6.814468,5.161856,5.494257,9.726889,8.042078,3.310714,"ID_46","VERIO","recon7","VERIO_recon7"
"658",1.560661,7.38532,4.729511,5.878481,9.949121,8.991593,4.064184,"ID_3","VERIO","recon7","VERIO_recon7"
"659",1.572904,7.008247,5.123336,5.621383,9.690368,7.983364,3.367516,"ID_39","VERIO","recon7","VERIO_recon7"
"660",1.735343,7.926433,5.453015,6.428517,10.420155,8.69477,4.080083,"ID_23","VERIO","recon7","VERIO_recon7"
"661",1.407656,6.399597,4.080491,5.143885,10.483688,7.823816,2.911754,"ID_16","VERIO","recon7","VERIO_recon7"
"662",1.492563,6.771195,4.4199,5.406649,10.098344,8.920228,3.468792,"ID_42","SKYRA","recon7","SKYRA_recon7"
"663",1.469351,6.680364,4.752155,5.436152,10.44334,7.835052,3.043952,"ID_56","VERIO","recon7","VERIO_recon7"
"664",1.468467,6.610741,4.536418,5.317697,10.238985,8.634572,3.0401,"ID_21","SKYRA","recon7","SKYRA_recon7"
"665",1.578109,7.457842,4.720685,6.093536,10.074457,9.276601,3.672987,"ID_120","VERIO","recon7","VERIO_recon7"
"666",1.41094,6.343612,4.430622,5.184848,10.305495,7.11339,2.860231,"ID_89","VERIO","recon7","VERIO_recon7"
"667",1.553448,7.502778,4.795129,6.047824,10.004543,9.117894,3.208115,"ID_10","VERIO","recon7","VERIO_recon7"
"668",1.758705,7.339468,5.55996,5.750849,10.657837,8.844878,3.61291,"ID_104","SKYRA","recon7","SKYRA_recon7"
"669",1.602607,7.138618,4.815118,5.731019,10.701253,8.061073,3.303831,"ID_98","VERIO","recon7","VERIO_recon7"
"670",1.496071,6.770335,4.560231,5.528508,9.913992,7.825339,3.076713,"ID_86","VERIO","recon7","VERIO_recon7"
"671",1.48723,6.529059,4.447343,5.35845,10.228339,7.776954,2.998342,"ID_15","SKYRA","recon7","SKYRA_recon7"
"672",1.847657,8.801068,5.973098,6.998599,10.469981,9.11516,3.635741,"ID_36","VERIO","recon7","VERIO_recon7"
"673",1.487066,6.818095,4.667394,5.408111,9.94016,8.263865,3.065021,"ID_81","VERIO","recon7","VERIO_recon7"
"674",1.597125,7.259337,4.948293,5.812761,10.030591,8.67782,3.339577,"ID_116","VERIO","recon7","VERIO_recon7"
"675",1.574215,7.502401,4.877888,6.149366,10.022098,7.735071,3.382506,"ID_66","SKYRA","recon7","SKYRA_recon7"
"676",1.491885,6.607194,4.493745,5.426079,10.229587,7.809567,3.014232,"ID_34","VERIO","recon7","VERIO_recon7"
"677",1.291466,6.40073,4.363274,5.330993,9.830366,7.142025,2.960407,"ID_59","VERIO","recon7","VERIO_recon7"
"678",1.772339,7.861487,5.458297,6.318264,10.893003,7.587142,3.352808,"ID_51","SKYRA","recon7","SKYRA_recon7"
"679",1.366057,6.860334,4.532484,5.475732,10.198009,8.679657,3.119485,"ID_5","VERIO","recon7","VERIO_recon7"
"680",1.525517,6.201804,3.992457,5.076575,11.457374,7.090372,3.263065,"ID_31","VERIO","recon7","VERIO_recon7"
"681",1.633147,7.371695,5.448162,6.069016,10.285257,7.802551,2.930904,"ID_68","SKYRA","recon7","SKYRA_recon7"
"682",1.774187,7.937935,5.426583,6.389445,10.886515,7.57668,3.304371,"ID_51","VERIO","recon7","VERIO_recon7"
"683",1.370817,6.037152,4.080657,4.799669,10.747238,7.449617,3.335388,"ID_50","VERIO","recon7","VERIO_recon7"
"684",1.534333,6.201179,4.044217,5.090249,11.470933,7.130953,3.223338,"ID_31","SKYRA","recon7","SKYRA_recon7"
"685",1.383741,6.562609,4.22763,5.327195,9.843784,7.236996,2.994325,"ID_57","SKYRA","recon7","SKYRA_recon7"
"686",1.391782,6.363805,4.545255,5.040162,9.976083,7.811318,3.420448,"ID_49","VERIO","recon7","VERIO_recon7"
"687",1.784151,7.938416,5.555708,6.438877,10.732851,8.115141,3.410817,"ID_58","SKYRA","recon7","SKYRA_recon7"
"688",1.443458,6.728468,4.552959,5.344533,10.201449,8.528268,3.23456,"ID_5","SKYRA","recon7","SKYRA_recon7"
"689",1.569977,7.307497,5.591489,5.944424,10.379973,7.877521,3.237595,"ID_83","VERIO","recon7","VERIO_recon7"
"690",1.479539,6.587511,4.537855,5.426892,10.273673,7.682403,2.818321,"ID_34","SKYRA","recon7","SKYRA_recon7"
"691",1.510721,6.681817,5.00437,5.324498,10.091259,7.958361,2.986268,"ID_9","VERIO","recon7","VERIO_recon7"
"692",1.377683,6.340865,4.111018,5.108528,10.427602,7.48879,2.714842,"ID_72","SKYRA","recon7","SKYRA_recon7"
"693",1.911428,8.983635,5.735837,7.306639,10.692497,8.818901,3.656321,"ID_45","SKYRA","recon7","SKYRA_recon7"
"694",1.394658,6.404471,4.041282,5.143732,10.153632,8.30013,3.27606,"ID_69","SKYRA","recon7","SKYRA_recon7"
"695",1.788283,7.362746,6.136636,6.052624,10.310623,8.577152,3.692341,"ID_44","SKYRA","recon7","SKYRA_recon7"
"696",1.320144,5.386743,3.979847,4.230773,11.1506,6.670297,2.73516,"ID_96","SKYRA","recon7","SKYRA_recon7"
"697",1.558304,7.376447,4.84319,5.854014,10.35589,7.566667,2.609218,"ID_91","VERIO","recon7","VERIO_recon7"
"698",1.560825,7.007429,4.996521,5.680557,9.994071,8.517861,3.198495,"ID_114","VERIO","recon7","VERIO_recon7"
"699",1.306825,5.923631,3.893699,4.778643,10.232271,6.985841,3.082785,"ID_7","VERIO","recon7","VERIO_recon7"
"700",1.401884,6.627366,4.469391,5.176009,10.0516,8.003152,2.976785,"ID_13","VERIO","recon7","VERIO_recon7"
"701",1.548544,7.422145,5.114577,5.926868,10.079036,8.907495,3.59799,"ID_99","VERIO","recon7","VERIO_recon7"
"702",1.68282,7.159464,5.357487,5.908183,10.463242,8.650381,3.002733,"ID_4","VERIO","recon7","VERIO_recon7"
"703",1.618107,7.872013,5.154118,6.39233,9.865647,9.17795,3.730217,"ID_11","VERIO","recon7","VERIO_recon7"
"704",1.67941,8.197239,5.076981,6.744221,10.014494,9.504452,3.117628,"ID_76","SKYRA","recon7","SKYRA_recon7"
"705",1.233844,5.511801,3.678054,4.345788,10.132943,6.88476,2.314846,"ID_70","VERIO","recon7","VERIO_recon7"
"706",1.658762,7.457653,5.174717,5.842369,10.996277,8.176938,3.202024,"ID_29","SKYRA","recon7","SKYRA_recon7"
"707",1.666554,8.073923,5.277292,6.42813,9.733226,8.933647,3.441037,"ID_26","VERIO","recon7","VERIO_recon7"
"708",1.749685,7.436643,5.676607,5.842633,10.629939,9.040097,3.512466,"ID_104","VERIO","recon7","VERIO_recon7"
"709",1.470898,6.819295,4.633939,5.611965,9.92431,7.803624,3.062402,"ID_86","SKYRA","recon7","SKYRA_recon7"
"710",1.819961,8.420766,5.791705,7.051271,10.985589,8.337163,3.275107,"ID_35","VERIO","recon7","VERIO_recon7"
"711",1.515478,7.046579,4.960469,5.732165,9.916914,8.497666,3.374538,"ID_117","SKYRA","recon7","SKYRA_recon7"
"712",1.293863,5.774915,4.137629,4.575205,10.014563,7.357018,2.617268,"ID_12","SKYRA","cat","SKYRA_cat"
"713",1.28743,5.737592,4.134287,4.547232,10.000486,7.34728,2.627634,"ID_12","VERIO","cat","VERIO_cat"
"714",1.402347,5.693471,4.511812,4.82887,10.229573,7.503753,2.927102,"ID_64","SKYRA","cat","SKYRA_cat"
"715",1.398195,5.570932,4.479687,4.802527,10.274903,7.534163,2.81516,"ID_64","VERIO","cat","VERIO_cat"
"716",1.693414,7.59524,5.534108,6.209102,9.977673,8.947649,3.368956,"ID_20","SKYRA","cat","SKYRA_cat"
"717",1.697139,7.574898,5.540181,6.212752,9.958937,8.939826,3.462947,"ID_20","VERIO","cat","VERIO_cat"
"718",1.41931,6.365289,4.442246,5.100288,9.820475,8.976888,3.411082,"ID_63","SKYRA","cat","SKYRA_cat"
"719",1.418954,6.435451,4.443884,5.118401,9.817967,9.067412,3.511831,"ID_63","VERIO","cat","VERIO_cat"
"720",1.674307,7.622643,5.523485,6.076884,10.195765,8.886194,3.324415,"ID_87","SKYRA","cat","SKYRA_cat"
"721",1.68156,7.651334,5.574448,6.113665,10.19944,8.829698,3.435491,"ID_87","VERIO","cat","VERIO_cat"
"722",1.475207,6.387938,4.761649,5.362866,10.285558,8.212124,3.322612,"ID_118","SKYRA","cat","SKYRA_cat"
"723",1.470692,6.393381,4.758874,5.341012,10.246087,8.212177,3.329542,"ID_118","VERIO","cat","VERIO_cat"
"724",1.677398,7.41672,5.609683,6.019302,10.174189,8.797373,3.473693,"ID_115","SKYRA","cat","SKYRA_cat"
"725",1.685177,7.421399,5.623395,6.039446,10.16228,8.84926,3.479402,"ID_115","VERIO","cat","VERIO_cat"
"726",1.43622,6.514799,4.250454,5.34017,10.326888,8.089958,3.113844,"ID_79","SKYRA","cat","SKYRA_cat"
"727",1.42991,6.493453,4.200981,5.326114,10.347853,7.992959,3.072021,"ID_79","VERIO","cat","VERIO_cat"
"728",1.314276,5.890161,3.877414,4.766221,10.160303,7.092675,2.793629,"ID_7","SKYRA","cat","SKYRA_cat"
"729",1.305968,5.904796,3.819512,4.758893,10.162806,7.082621,2.817456,"ID_7","VERIO","cat","VERIO_cat"
"730",1.678428,7.318175,5.330202,6.000049,10.990243,8.480121,3.410123,"ID_29","SKYRA","cat","SKYRA_cat"
"731",1.684908,7.279965,5.285082,6.013458,11.010621,8.370355,3.383274,"ID_29","VERIO","cat","VERIO_cat"
"732",1.334597,6.300885,4.187025,4.855438,9.912915,7.043423,2.74212,"ID_80","SKYRA","cat","SKYRA_cat"
"733",1.324297,6.099136,4.246026,4.8051,9.956854,7.008941,2.796719,"ID_80","VERIO","cat","VERIO_cat"
"734",1.45676,6.698161,4.613885,5.251691,10.212199,8.253484,2.846279,"ID_5","SKYRA","cat","SKYRA_cat"
"735",1.465666,6.735973,4.601058,5.2885,10.215522,8.350869,3.143372,"ID_5","VERIO","cat","VERIO_cat"
"736",1.514906,6.62717,4.738872,5.402992,10.370505,8.034455,2.902174,"ID_103","SKYRA","cat","SKYRA_cat"
"737",1.51694,6.66744,4.750999,5.421186,10.386497,8.167083,3.051735,"ID_103","VERIO","cat","VERIO_cat"
"738",1.685666,7.223766,5.693594,5.988931,10.791008,8.967046,3.543384,"ID_43","SKYRA","cat","SKYRA_cat"
"739",1.680087,7.107202,5.685809,5.959175,10.810719,8.889206,3.443078,"ID_43","VERIO","cat","VERIO_cat"
"740",1.578211,7.030635,4.909416,5.803772,10.661096,8.256356,3.335088,"ID_71","SKYRA","cat","SKYRA_cat"
"741",1.579535,7.031046,4.900906,5.824352,10.672812,8.108038,3.247752,"ID_71","VERIO","cat","VERIO_cat"
"742",1.356664,6.296049,4.395961,4.93343,9.891603,7.15481,2.89566,"ID_59","SKYRA","cat","SKYRA_cat"
"743",1.367052,6.32946,4.448105,4.992322,9.902394,7.171754,2.916523,"ID_59","VERIO","cat","VERIO_cat"
"744",1.400415,6.594082,4.625166,5.074429,9.797377,7.810471,3.023913,"ID_22","SKYRA","cat","SKYRA_cat"
"745",1.390661,6.48757,4.632167,5.036066,9.799616,7.652436,3.052793,"ID_22","VERIO","cat","VERIO_cat"
"746",1.503453,6.992678,4.604823,5.558064,10.252577,7.660678,3.098393,"ID_67","SKYRA","cat","SKYRA_cat"
"747",1.507918,7.04448,4.623492,5.579566,10.234305,7.642426,3.044741,"ID_67","VERIO","cat","VERIO_cat"
"748",1.562098,7.066061,4.940806,5.724204,10.36456,8.181951,3.332258,"ID_93","SKYRA","cat","SKYRA_cat"
"749",1.553632,7.038937,4.926271,5.708592,10.352307,8.244323,3.339115,"ID_93","VERIO","cat","VERIO_cat"
"750",1.430874,6.401635,4.091109,5.137321,10.543777,7.831287,2.873055,"ID_16","SKYRA","cat","SKYRA_cat"
"751",1.414125,6.388676,4.0564,5.075036,10.507069,7.707415,2.923698,"ID_16","VERIO","cat","VERIO_cat"
"752",1.630802,7.695058,5.093337,6.119294,9.77845,8.574756,3.464623,"ID_28","SKYRA","cat","SKYRA_cat"
"753",1.620696,7.588237,5.121919,6.063444,9.786665,8.629402,3.543856,"ID_28","VERIO","cat","VERIO_cat"
"754",1.333452,6.174746,4.194298,4.942898,9.848238,7.264445,2.738432,"ID_82","SKYRA","cat","SKYRA_cat"
"755",1.334738,6.107574,4.137731,4.958154,9.857933,7.252021,2.754666,"ID_82","VERIO","cat","VERIO_cat"
"756",1.53168,6.782087,5.082839,5.457815,9.855561,8.17758,3.414036,"ID_46","SKYRA","cat","SKYRA_cat"
"757",1.526119,6.963499,5.164552,5.476326,9.790651,8.300311,3.441472,"ID_46","VERIO","cat","VERIO_cat"
"758",1.441768,6.93622,4.299326,5.408497,10.122467,8.657173,3.311142,"ID_42","SKYRA","cat","SKYRA_cat"
"759",1.44047,6.919469,4.267337,5.405227,10.147498,8.559003,3.334056,"ID_42","VERIO","cat","VERIO_cat"
"760",1.434774,6.639134,4.421938,5.317826,10.182146,8.205053,3.093103,"ID_32","SKYRA","cat","SKYRA_cat"
"761",1.436161,6.662792,4.406941,5.335894,10.196026,8.175986,3.077068,"ID_32","VERIO","cat","VERIO_cat"
"762",1.492692,6.439874,4.623895,5.296765,10.253139,8.232048,3.169632,"ID_21","SKYRA","cat","SKYRA_cat"
"763",1.488477,6.410096,4.622826,5.266812,10.259437,8.237595,3.174559,"ID_21","VERIO","cat","VERIO_cat"
"764",1.445261,6.62349,4.322151,5.451628,10.070276,7.938999,3.115341,"ID_73","SKYRA","cat","SKYRA_cat"
"765",1.448649,6.631652,4.357166,5.486735,10.048523,7.920067,3.213336,"ID_73","VERIO","cat","VERIO_cat"
"766",1.629166,7.547375,4.967518,6.031924,10.706793,9.40778,3.530112,"ID_40","SKYRA","cat","SKYRA_cat"
"767",1.626187,7.516587,5.001794,6.022405,10.690443,9.349653,3.48736,"ID_40","VERIO","cat","VERIO_cat"
"768",1.456427,6.498928,4.6609,5.29232,10.037815,8.067496,3.089826,"ID_48","SKYRA","cat","SKYRA_cat"
"769",1.456782,6.385559,4.646637,5.290851,10.069043,8.225374,3.027206,"ID_48","VERIO","cat","VERIO_cat"
"770",1.539265,6.856237,4.932861,5.541823,10.068157,8.433279,3.256891,"ID_114","SKYRA","cat","SKYRA_cat"
"771",1.547257,6.872247,4.983479,5.569858,10.044449,8.408181,3.292852,"ID_114","VERIO","cat","VERIO_cat"
"772",1.756038,7.129165,5.562092,6.307945,10.702823,9.016482,3.483505,"ID_104","SKYRA","cat","SKYRA_cat"
"773",1.767914,7.192164,5.636927,6.328769,10.676193,9.069731,3.492059,"ID_104","VERIO","cat","VERIO_cat"
"774",1.459122,6.852434,4.614321,5.383117,9.971839,7.948085,3.156225,"ID_86","SKYRA","cat","SKYRA_cat"
"775",1.455062,6.789918,4.593972,5.349836,9.954876,7.786722,3.086138,"ID_86","VERIO","cat","VERIO_cat"
"776",1.880519,8.759244,5.85244,7.175042,10.995449,8.840265,3.449242,"ID_35","SKYRA","cat","SKYRA_cat"
"777",1.86738,8.555132,5.7069,7.084724,10.988312,8.672826,3.58502,"ID_35","VERIO","cat","VERIO_cat"
"778",1.399753,6.139029,4.982982,4.980817,10.149759,7.378956,3.114517,"ID_37","SKYRA","cat","SKYRA_cat"
"779",1.400427,6.112758,4.999908,4.976185,10.186845,7.328039,3.111379,"ID_37","VERIO","cat","VERIO_cat"
"780",1.470377,6.380322,4.355891,5.173925,10.834637,7.644541,3.137724,"ID_113","SKYRA","cat","SKYRA_cat"
"781",1.47887,6.4323,4.325777,5.228273,10.849862,7.736217,3.089996,"ID_113","VERIO","cat","VERIO_cat"
"782",1.430378,6.412508,4.331746,5.198327,10.276946,7.27735,2.944242,"ID_89","VERIO","cat","VERIO_cat"
"783",1.481535,6.801459,4.622131,5.391638,9.924075,8.191309,3.112893,"ID_77","SKYRA","cat","SKYRA_cat"
"784",1.4649,6.694405,4.599446,5.325647,9.928203,8.055328,3.000356,"ID_77","VERIO","cat","VERIO_cat"
"785",1.534338,7.401899,4.697705,5.643531,10.121767,8.338867,3.224799,"ID_17","SKYRA","cat","SKYRA_cat"
"786",1.538401,7.519093,4.738425,5.661057,10.094324,8.378611,3.257379,"ID_17","VERIO","cat","VERIO_cat"
"787",1.823643,7.431052,6.10881,6.701115,10.358919,8.770403,3.469721,"ID_44","SKYRA","cat","SKYRA_cat"
"788",1.82128,7.784388,6.069924,6.733204,10.232862,8.806177,3.55012,"ID_44","VERIO","cat","VERIO_cat"
"789",1.609257,7.035377,5.279033,5.918395,10.34892,8.433366,3.20841,"ID_18","VERIO","cat","VERIO_cat"
"790",1.467301,6.610227,4.662363,5.457758,10.271487,8.106475,3.005434,"ID_107","VERIO","cat","VERIO_cat"
"791",1.46371,6.979036,4.784854,5.34908,9.960014,7.957519,3.088536,"ID_81","SKYRA","cat","SKYRA_cat"
"792",1.449352,6.855079,4.71171,5.286565,9.973095,7.993197,3.042205,"ID_81","VERIO","cat","VERIO_cat"
"793",1.388642,6.415694,4.09433,4.986975,10.161763,7.984249,3.184528,"ID_69","SKYRA","cat","SKYRA_cat"
"794",1.395303,6.352977,4.083369,5.032234,10.221491,7.85371,3.17301,"ID_69","VERIO","cat","VERIO_cat"
"795",1.594213,7.522518,4.800341,5.925132,10.055361,9.035828,3.568894,"ID_10","SKYRA","cat","SKYRA_cat"
"796",1.59958,7.494667,4.800659,5.953756,10.046348,9.115474,3.63367,"ID_10","VERIO","cat","VERIO_cat"
"797",1.339276,6.46214,4.362241,4.938244,9.641845,7.119223,2.751966,"ID_47","SKYRA","cat","SKYRA_cat"
"798",1.339025,6.743298,4.375466,4.931569,9.56739,7.155983,2.884933,"ID_47","VERIO","cat","VERIO_cat"
"799",1.689764,8.207156,5.301899,6.354801,10.074924,9.052181,3.815305,"ID_109","SKYRA","cat","SKYRA_cat"
"800",1.693576,8.146924,5.262577,6.350462,10.095776,8.950051,3.737492,"ID_109","VERIO","cat","VERIO_cat"
"801",1.383194,6.295059,4.607657,4.916133,10.02492,7.799094,3.234217,"ID_49","SKYRA","cat","SKYRA_cat"
"802",1.381302,6.308504,4.606006,4.908863,9.997005,7.674209,3.249707,"ID_49","VERIO","cat","VERIO_cat"
"803",1.710994,7.460176,5.520048,6.148492,10.410453,8.07939,3.373079,"ID_83","SKYRA","cat","SKYRA_cat"
"804",1.713047,7.489,5.52586,6.170207,10.413948,8.195999,3.175319,"ID_83","VERIO","cat","VERIO_cat"
"805",1.559537,7.021485,4.751279,5.690524,10.195494,8.063426,3.068393,"ID_61","SKYRA","cat","SKYRA_cat"
"806",1.567365,7.174689,4.821687,5.707908,10.145515,8.201298,3.108721,"ID_61","VERIO","cat","VERIO_cat"
"807",1.728764,7.2546,5.092246,6.163472,10.864038,8.662956,3.142259,"ID_105","SKYRA","cat","SKYRA_cat"
"808",1.732507,7.359868,5.104058,6.181823,10.861635,8.58418,3.323128,"ID_105","VERIO","cat","VERIO_cat"
"809",1.409255,6.654598,4.423134,5.094748,9.808722,7.333388,2.903925,"ID_38","SKYRA","cat","SKYRA_cat"
"810",1.420653,6.665141,4.394117,5.124907,9.815211,7.25664,2.892794,"ID_38","VERIO","cat","VERIO_cat"
"811",1.61896,7.439213,5.113533,5.962109,10.271708,8.136468,2.865644,"ID_1","SKYRA","cat","SKYRA_cat"
"812",1.632919,7.461796,5.108172,6.005481,10.28196,7.968964,2.924876,"ID_1","VERIO","cat","VERIO_cat"
"813",1.566782,7.320861,4.937326,5.729122,10.076863,8.578717,3.450455,"ID_116","SKYRA","cat","SKYRA_cat"
"814",1.570188,7.278417,4.978458,5.737806,10.091071,8.700776,3.4052,"ID_116","VERIO","cat","VERIO_cat"
"815",1.503341,7.038823,5.061856,5.515515,9.775569,8.413163,3.069882,"ID_88","SKYRA","cat","SKYRA_cat"
"816",1.503986,7.038843,5.044598,5.541758,9.796288,8.542505,3.066911,"ID_88","VERIO","cat","VERIO_cat"
"817",1.244655,5.789543,3.749419,4.507538,9.939057,7.134217,2.7092,"ID_41","SKYRA","cat","SKYRA_cat"
"818",1.253911,5.892174,3.790491,4.541033,9.930641,7.112338,2.745463,"ID_41","VERIO","cat","VERIO_cat"
"819",1.48252,6.631213,4.728417,5.434638,10.399426,7.900531,3.012942,"ID_56","SKYRA","cat","SKYRA_cat"
"820",1.483479,6.648883,4.768295,5.44551,10.429031,7.909565,3.138736,"ID_56","VERIO","cat","VERIO_cat"
"821",1.459359,6.556292,4.898753,5.205984,9.967019,7.63526,2.966234,"ID_24","SKYRA","cat","SKYRA_cat"
"822",1.483,6.522393,4.859943,5.252449,9.971631,7.538161,2.942345,"ID_24","VERIO","cat","VERIO_cat"
"823",1.948859,8.727753,5.966398,7.188756,10.534155,9.489043,3.918164,"ID_36","SKYRA","cat","SKYRA_cat"
"824",1.951148,8.891739,5.98205,7.212589,10.486275,9.445107,3.959608,"ID_36","VERIO","cat","VERIO_cat"
"825",1.710423,7.913036,5.488935,6.333625,10.005488,8.720954,3.380721,"ID_26","SKYRA","cat","SKYRA_cat"
"826",1.69492,8.14769,5.287951,6.29535,9.869356,8.83342,3.428465,"ID_26","VERIO","cat","VERIO_cat"
"827",1.594138,7.169453,5.267555,5.882779,10.407639,8.388701,3.131766,"ID_4","SKYRA","cat","SKYRA_cat"
"828",1.600767,7.156244,5.243166,5.917014,10.454602,8.397182,3.204432,"ID_4","VERIO","cat","VERIO_cat"
"829",1.569332,6.839742,5.3504,5.660743,10.023392,8.941441,3.502673,"ID_85","SKYRA","cat","SKYRA_cat"
"830",1.570329,6.815692,5.349435,5.666872,10.021903,8.940671,3.412089,"ID_85","VERIO","cat","VERIO_cat"
"831",1.568002,7.071001,4.728649,5.860676,10.729912,8.024995,3.337395,"ID_98","SKYRA","cat","SKYRA_cat"
"832",1.604803,7.192833,4.690673,5.920304,10.707049,8.170486,3.349763,"ID_98","VERIO","cat","VERIO_cat"
"833",1.667088,6.940549,5.410919,5.959506,10.686109,8.881901,3.399703,"ID_84","SKYRA","cat","SKYRA_cat"
"834",1.657733,7.055252,5.442021,5.927168,10.587163,8.869331,3.51375,"ID_84","VERIO","cat","VERIO_cat"
"835",1.67131,7.357986,5.657341,6.073529,10.869673,8.752574,3.538401,"ID_52","VERIO","cat","VERIO_cat"
"836",1.537033,6.985347,5.000468,5.548323,9.978108,8.310588,3.243595,"ID_117","SKYRA","cat","SKYRA_cat"
"837",1.545548,6.975305,5.003364,5.575056,9.975382,8.312532,3.32483,"ID_117","VERIO","cat","VERIO_cat"
"838",1.76007,7.758664,5.693708,6.426825,10.73822,8.28127,3.353519,"ID_58","SKYRA","cat","SKYRA_cat"
"839",1.768203,7.810194,5.737411,6.462853,10.733653,8.319867,3.424929,"ID_58","VERIO","cat","VERIO_cat"
"840",1.499255,6.745553,4.679079,5.345607,10.094244,8.132927,3.249443,"ID_53","SKYRA","cat","SKYRA_cat"
"841",1.501974,6.816067,4.696636,5.339843,10.055833,8.148591,3.28511,"ID_53","VERIO","cat","VERIO_cat"
"842",1.347816,6.456743,4.013787,4.985643,10.368996,7.337329,2.803193,"ID_72","SKYRA","cat","SKYRA_cat"
"843",1.355491,6.542935,4.010856,5.033458,10.351032,7.347839,2.812204,"ID_72","VERIO","cat","VERIO_cat"
"844",1.62934,7.741887,4.808761,6.153426,10.000136,8.899764,3.663754,"ID_3","SKYRA","cat","SKYRA_cat"
"845",1.615486,7.640523,4.90032,6.088536,10.022208,8.791137,3.638958,"ID_3","VERIO","cat","VERIO_cat"
"846",1.341564,6.014072,3.995859,4.946263,9.980439,6.80607,2.563089,"ID_121","SKYRA","cat","SKYRA_cat"
"847",1.342602,6.116393,3.991399,4.975487,9.950513,6.887414,2.583231,"ID_121","VERIO","cat","VERIO_cat"
"848",1.36608,6.496179,4.286949,5.081371,9.881313,7.134655,2.735226,"ID_57","SKYRA","cat","SKYRA_cat"
"849",1.361488,6.461815,4.261389,5.050995,9.853763,7.048653,2.739189,"ID_57","VERIO","cat","VERIO_cat"
"850",1.616575,7.35249,5.41014,5.971946,10.336036,7.686384,2.969595,"ID_68","SKYRA","cat","SKYRA_cat"
"851",1.602545,7.254644,5.338115,5.907191,10.305104,7.76316,2.970102,"ID_68","VERIO","cat","VERIO_cat"
"852",1.563149,7.46608,4.692609,5.935166,10.10105,9.061841,3.592242,"ID_120","SKYRA","cat","SKYRA_cat"
"853",1.569383,7.48218,4.707758,5.976482,10.107452,9.060011,3.587808,"ID_120","VERIO","cat","VERIO_cat"
"854",1.59751,6.959748,5.247242,5.823958,10.294164,7.963819,3.159506,"ID_25","SKYRA","cat","SKYRA_cat"
"855",1.582493,6.880127,5.170478,5.747863,10.280509,8.015033,3.223761,"ID_25","VERIO","cat","VERIO_cat"
"856",1.806251,8.147663,5.232974,6.733036,11.544857,8.910108,3.57242,"ID_8","SKYRA","cat","SKYRA_cat"
"857",1.803413,8.211617,5.23969,6.729284,11.538791,8.975517,3.689556,"ID_8","VERIO","cat","VERIO_cat"
"858",1.524987,7.204348,4.991291,5.591515,9.761155,8.632502,3.41545,"ID_19","SKYRA","cat","SKYRA_cat"
"859",1.515399,7.087047,4.93005,5.546799,9.792718,8.640378,3.530503,"ID_19","VERIO","cat","VERIO_cat"
"860",1.444023,6.458636,4.669149,5.154101,10.097582,7.628527,2.935754,"ID_92","SKYRA","cat","SKYRA_cat"
"861",1.43301,6.394772,4.635772,5.091507,10.08623,7.564759,2.918747,"ID_92","VERIO","cat","VERIO_cat"
"862",1.402854,6.553838,4.402054,5.224811,10.194575,7.538474,2.831495,"ID_15","SKYRA","cat","SKYRA_cat"
"863",1.398743,6.50996,4.366251,5.200918,10.191764,7.57652,2.849369,"ID_15","VERIO","cat","VERIO_cat"
"864",1.561817,7.117368,5.089172,5.750634,10.172714,8.489718,3.264158,"ID_78","SKYRA","cat","SKYRA_cat"
"865",1.553531,7.013659,5.040891,5.705611,10.18003,8.532287,3.073175,"ID_78","VERIO","cat","VERIO_cat"
"866",1.504755,6.759968,4.940253,5.505217,10.186601,8.318415,3.353261,"ID_90","SKYRA","cat","SKYRA_cat"
"867",1.502878,6.872653,4.936926,5.49983,10.140108,8.33331,3.360949,"ID_90","VERIO","cat","VERIO_cat"
"868",1.750136,8.078096,5.483692,6.472017,10.860324,7.634295,3.052657,"ID_51","SKYRA","cat","SKYRA_cat"
"869",1.7547,8.045079,5.47703,6.481983,10.863458,7.626462,2.861677,"ID_51","VERIO","cat","VERIO_cat"
"870",1.698322,7.526118,5.718551,6.200362,10.811515,8.867807,3.511571,"ID_100","SKYRA","cat","SKYRA_cat"
"871",1.705762,7.442308,5.694918,6.227301,10.841651,8.825333,3.293859,"ID_100","VERIO","cat","VERIO_cat"
"872",1.595652,7.552224,4.916698,6.072683,10.004026,8.076243,3.250194,"ID_66","SKYRA","cat","SKYRA_cat"
"873",1.575183,7.45008,4.845548,5.971923,9.999031,7.884591,3.343682,"ID_66","VERIO","cat","VERIO_cat"
"874",1.549211,7.419987,4.999261,5.755133,10.328162,8.170609,3.209903,"ID_101","SKYRA","cat","SKYRA_cat"
"875",1.55899,7.452955,4.977178,5.793717,10.311708,8.16302,3.178404,"ID_101","VERIO","cat","VERIO_cat"
"876",1.428236,6.686696,4.29707,5.301842,10.528984,7.479776,2.932355,"ID_108","SKYRA","cat","SKYRA_cat"
"877",1.428201,6.653486,4.25939,5.294657,10.532628,7.458582,2.97165,"ID_108","VERIO","cat","VERIO_cat"
"878",1.591159,7.015563,5.220148,5.794253,9.795331,8.020606,3.295815,"ID_39","SKYRA","cat","SKYRA_cat"
"879",1.589972,6.938517,5.206858,5.781043,9.818009,8.019451,3.267418,"ID_39","VERIO","cat","VERIO_cat"
"880",1.617433,7.36719,5.104702,5.989075,10.049409,8.745709,3.346472,"ID_99","SKYRA","cat","SKYRA_cat"
"881",1.620736,7.450189,5.136715,6.00086,10.02225,8.960531,3.451431,"ID_99","VERIO","cat","VERIO_cat"
"882",1.7502,8.057222,5.425819,6.5001,10.407426,9.066238,3.86572,"ID_23","SKYRA","cat","SKYRA_cat"
"883",1.756637,8.131481,5.44478,6.529247,10.406098,9.119282,3.607794,"ID_23","VERIO","cat","VERIO_cat"
"884",1.560777,7.28909,4.884029,5.700364,10.364539,7.681813,2.771352,"ID_91","SKYRA","cat","SKYRA_cat"
"885",1.57728,7.351789,4.91283,5.747966,10.377032,7.725003,2.822956,"ID_91","VERIO","cat","VERIO_cat"
"886",1.386753,6.381208,4.088515,5.140649,10.801819,7.555082,2.790089,"ID_65","SKYRA","cat","SKYRA_cat"
"887",1.386823,6.384376,4.082701,5.154039,10.803948,7.599139,2.757346,"ID_65","VERIO","cat","VERIO_cat"
"888",1.512865,6.88473,4.881655,5.557619,10.570288,8.003924,2.802098,"ID_6","VERIO","cat","VERIO_cat"
"889",1.433425,6.663172,4.502802,5.163485,10.081545,7.560737,2.869942,"ID_13","SKYRA","cat","SKYRA_cat"
"890",1.421215,6.682422,4.462122,5.137269,10.101818,7.636665,2.976296,"ID_13","VERIO","cat","VERIO_cat"
"891",1.246081,5.569861,3.803544,4.427617,10.077218,6.68724,2.624443,"ID_70","SKYRA","cat","SKYRA_cat"
"892",1.223116,5.415682,3.688276,4.303356,10.081659,6.558949,2.6174,"ID_70","VERIO","cat","VERIO_cat"
"893",1.679297,7.771092,5.336806,6.313991,9.963166,8.953593,3.393521,"ID_11","SKYRA","cat","SKYRA_cat"
"894",1.670028,7.828413,5.31456,6.277259,9.922685,9.014896,3.399983,"ID_11","VERIO","cat","VERIO_cat"
"895",1.418728,6.670093,4.466059,5.336618,10.199144,7.723157,2.780429,"ID_34","SKYRA","cat","SKYRA_cat"
"896",1.402425,6.656631,4.452611,5.272138,10.145807,7.723408,2.717277,"ID_34","VERIO","cat","VERIO_cat"
"897",1.513933,6.742724,4.850044,5.479754,10.070332,8.027787,3.242883,"ID_9","SKYRA","cat","SKYRA_cat"
"898",1.517134,6.688802,4.954559,5.474818,10.056225,8.06173,3.065181,"ID_9","VERIO","cat","VERIO_cat"
"899",1.655604,7.606686,5.164284,6.171122,10.247685,8.851145,3.408648,"ID_2","SKYRA","cat","SKYRA_cat"
"900",1.674712,7.749722,5.197891,6.258164,10.22443,8.858975,3.376686,"ID_2","VERIO","cat","VERIO_cat"
"901",1.505817,6.922873,4.971429,5.532344,9.970454,7.944125,3.178286,"ID_94","SKYRA","cat","SKYRA_cat"
"902",1.489781,6.842129,4.925861,5.451991,9.943394,8.010761,3.050625,"ID_94","VERIO","cat","VERIO_cat"
"903",1.529863,6.955018,4.850153,5.590233,10.258091,8.656403,3.597149,"ID_33","SKYRA","cat","SKYRA_cat"
"904",1.529822,6.952518,4.8861,5.576979,10.193368,8.786327,3.547336,"ID_33","VERIO","cat","VERIO_cat"
"905",1.81368,8.036224,5.789801,6.663178,10.546631,9.571668,3.540539,"ID_75","SKYRA","cat","SKYRA_cat"
"906",1.808684,8.059028,5.753884,6.617965,10.502709,9.501557,3.527622,"ID_75","VERIO","cat","VERIO_cat"
"907",1.414717,6.20092,4.603579,4.971994,10.412357,7.863833,2.971332,"ID_27","SKYRA","cat","SKYRA_cat"
"908",1.420919,6.166057,4.61288,4.996671,10.448116,7.724355,2.890289,"ID_27","VERIO","cat","VERIO_cat"
"909",1.618838,6.805796,5.224917,5.694962,10.145189,8.591715,3.30783,"ID_30","SKYRA","cat","SKYRA_cat"
"910",1.620608,6.794365,5.249648,5.683927,10.111665,8.679009,3.215479,"ID_30","VERIO","cat","VERIO_cat"
"911",1.305242,5.192073,3.980068,4.426967,11.074256,7.055365,2.842693,"ID_96","SKYRA","cat","SKYRA_cat"
"912",1.304343,5.233495,4.01669,4.453133,11.084876,7.102206,2.922428,"ID_96","VERIO","cat","VERIO_cat"
"913",1.361695,5.768363,4.179882,4.871023,10.285347,7.081731,2.890089,"ID_14","SKYRA","cat","SKYRA_cat"
"914",1.371473,5.77851,4.192821,4.883971,10.267117,7.208367,2.85951,"ID_14","VERIO","cat","VERIO_cat"
"915",1.660642,6.466732,5.040973,5.893309,10.591736,8.513274,3.179916,"ID_112","SKYRA","cat","SKYRA_cat"
"916",1.66709,6.430933,5.078838,5.888448,10.603106,8.472729,3.14472,"ID_112","VERIO","cat","VERIO_cat"
"917",1.508176,6.566015,4.831367,5.374193,10.275324,7.395084,3.035255,"ID_62","SKYRA","cat","SKYRA_cat"
"918",1.513201,6.589231,4.887259,5.397345,10.230235,7.373356,2.988264,"ID_62","VERIO","cat","VERIO_cat"
"919",1.413126,5.830501,4.135725,4.948015,10.601235,7.506821,3.131821,"ID_50","SKYRA","cat","SKYRA_cat"
"920",1.442621,5.951521,4.152851,5.008922,10.587428,7.545489,3.224235,"ID_50","VERIO","cat","VERIO_cat"
"921",1.40983,6.231825,4.790839,5.066248,10.060936,7.716979,3.173495,"ID_110","SKYRA","cat","SKYRA_cat"
"922",1.427871,6.298423,4.816442,5.142202,10.039932,7.674111,3.223242,"ID_110","VERIO","cat","VERIO_cat"
"923",1.598402,5.84609,5.115463,5.406012,10.54695,7.758569,2.852177,"ID_106","SKYRA","cat","SKYRA_cat"
"924",1.591737,5.88881,5.164784,5.44269,10.557095,7.761085,2.870767,"ID_106","VERIO","cat","VERIO_cat"
"925",1.635762,6.743822,5.635824,5.668721,9.945567,8.837229,3.434011,"ID_111","SKYRA","cat","SKYRA_cat"
"926",1.640301,6.722571,5.664729,5.689906,9.972737,8.903365,3.454929,"ID_111","VERIO","cat","VERIO_cat"
"927",1.415143,6.048038,4.377442,4.952437,10.491745,7.409853,2.735557,"ID_55","SKYRA","cat","SKYRA_cat"
"928",1.407113,6.074175,4.375051,4.930294,10.424993,7.536616,2.739948,"ID_55","VERIO","cat","VERIO_cat"
"929",1.654529,6.53294,5.530744,5.824503,10.71422,7.889117,3.215089,"ID_54","SKYRA","cat","SKYRA_cat"
"930",1.650927,6.485883,5.525114,5.830422,10.740828,7.888677,3.201008,"ID_54","VERIO","cat","VERIO_cat"
"931",1.476264,6.32463,5.091161,5.135429,10.311606,8.678418,3.276709,"ID_74","SKYRA","cat","SKYRA_cat"
"932",1.491072,6.392452,5.112639,5.207111,10.299667,8.664261,3.23467,"ID_74","VERIO","cat","VERIO_cat"
"933",1.506715,6.742867,5.122167,5.49935,9.965204,8.166264,3.459636,"ID_102","SKYRA","cat","SKYRA_cat"
"934",1.507779,6.737688,5.145954,5.494253,9.961032,8.125766,3.380634,"ID_102","VERIO","cat","VERIO_cat"
"935",1.501956,6.501175,4.940103,5.440517,10.502223,7.96013,3.230716,"ID_95","SKYRA","cat","SKYRA_cat"
"936",1.47893,6.366323,4.85003,5.331604,10.485424,7.900565,3.158619,"ID_95","VERIO","cat","VERIO_cat"
"937",1.705814,8.475516,5.063488,6.52925,10.052242,8.882846,3.490145,"ID_76","SKYRA","cat","SKYRA_cat"
"938",1.70598,8.500716,5.065909,6.527685,10.030611,8.880501,3.543092,"ID_76","VERIO","cat","VERIO_cat"
"939",1.460828,6.34397,4.586085,5.246682,10.637811,8.361039,3.085785,"ID_119","SKYRA","cat","SKYRA_cat"
"940",1.470885,6.411382,4.629582,5.272397,10.629523,8.396667,3.088204,"ID_119","VERIO","cat","VERIO_cat"
"941",1.555327,6.972661,5.306452,5.575511,9.927081,7.967486,3.126601,"ID_97","SKYRA","cat","SKYRA_cat"
"942",1.547107,6.941087,5.279856,5.543159,9.888442,8.022145,3.083606,"ID_97","VERIO","cat","VERIO_cat"
"943",1.334214,6.208872,4.028294,4.870123,10.188652,7.233808,3.061099,"ID_60","SKYRA","cat","SKYRA_cat"
"944",1.337649,6.260828,4.043011,4.891015,10.186151,7.306905,3.088483,"ID_60","VERIO","cat","VERIO_cat"
"945",1.441954,6.187934,3.870747,5.329768,11.438094,7.497783,3.162352,"ID_31","SKYRA","cat","SKYRA_cat"
"946",1.424832,6.166694,3.847056,5.263054,11.427509,7.594152,3.231954,"ID_31","VERIO","cat","VERIO_cat"
"947",1.870309,9.062608,5.809657,7.085948,10.666859,9.176816,3.717826,"ID_45","SKYRA","cat","SKYRA_cat"
"948",1.866723,8.896588,5.749439,7.051862,10.655837,9.172135,3.718791,"ID_45","VERIO","cat","VERIO_cat"
